


ALL OF OUR DATA:
     Anomalous fail?   H  T  S   B   L  ...  kLUT   kFF  BRAM  URAM   DSP  SLOTS_USED
0                  0   3  4  8  16  16  ...   271   323   556   144   724           3
1                  0   3  5  8  16  16  ...   319   370   492   156   820           3
2                  0   3  6  8  16  16  ...   343   398   446   165   820           3
3                  0   3  7  8  16  16  ...   368   423   415   180   820           3
4                  0   3  8  8  16  16  ...   368   427   556   144   724           3
..               ...  .. .. ..  ..  ..  ...   ...   ...   ...   ...   ...         ...
244                0  12  8  6  16  10  ...   808   877  1097   360  2452           6
247                0  14  8  6  16  10  ...  1144  1156  1244   420  2860           6
248                0  14  8  6  16  10  ...  1144  1156  1244   420  2860           6
249                0  15  8  6  16  10  ...  1214  1225  1318   450  3064           6
250                0  15  8  6  16  10  ...  1214  1225  1318   450  3064           6

[200 rows x 20 columns]
154 passing builds
46 failed  builds



ALL OF THE TRAINING DATA:

     Anomalous fail?   H   T  S   B  ...   kFF  BRAM  URAM   DSP  SLOTS_USED
2                  0   3   6  8  16  ...   398   446   165   820           3
41                 0   7   9  8  16  ...   869   964   392  1908           6
233                0   7   8  6  16  ...   586   725   210  1432           5
196                0   4   9  8  16  ...   574   838   308  1092           4
113                0   7   9  2  16  ...   287   962   392   480           5
..               ...  ..  .. ..  ..  ...   ...   ...   ...   ...         ...
51                 0   8  10  8  16  ...  1164   977   448  2180           6
145                0  11   9  2  16  ...   406  1396   616   752           6
79                 0  11  11  8  16  ...  1626  1175   594  2996           6
250                0  15   8  6  16  ...  1225  1318   450  3064           6
210                0   8   9  8  16  ...   967  1073   448  2180           6

[159 rows x 20 columns]



ALL OF THE TESTING DATA:

     Anomalous fail?   H   T  S   B  ...   kFF  BRAM  URAM   DSP  SLOTS_USED
154                0   3   9  8   4  ...   475   532   168   820           4
153                0   3   9  8   2  ...   475   532   168   820           3
162                0   5   9  8   4  ...   669   749   280  1364           5
8                  0   3  12  8  16  ...   557   454   180   820           5
98                 0   5   9  3  16  ...   305   749   280   514           5
119                0   7   9  8  16  ...   869   964   392  1908           6
5                  0   3   9  8  16  ...   478   532   168   820           4
129                0   9   9  2  16  ...   320  1179   504   616           6
25                 0   5  11  8  16  ...   763   649   270  1364           6
3                  0   3   7  8  16  ...   423   415   180   820           3
124                0   8   9  5  16  ...   570  1070   448  1364           5
165                0   6   9  8   2  ...   767   857   336  1636           6
34                 0   6  11  8  16  ...   876   736   324  1636           6
21                 0   5   7  8  16  ...   586   554   300  1364           5
100                0   5   9  5  16  ...   425   747   280   854           5
121                0   8   9  2  16  ...   303  1070   448   548           5
118                0   7   9  7  16  ...   740   962   392  1670           6
167                0   6   9  8   8  ...   770   857   336  1636           6
192                0   3   9  8  16  ...   478   682   231   820           4
1                  0   3   5  8  16  ...   370   492   156   820           3
73                 0  11   5  8  16  ...   875  1252   572  2996           6
90                 0   4   9  3  16  ...   279   640   224   412           4
110                0   6   9  7  16  ...   661   857   336  1432           6
116                0   7   9  5  16  ...   522   964   392  1194           5
226                0   3   8  6  16  ...   355   430    90   616           2
0                  0   3   4  8  16  ...   323   556   144   724           3
240                0  10   8  6  16  ...   762   949   300  2044           6
47                 0   8   6  8  16  ...   757   840   440  2180           6
169                0   7   9  8   2  ...   864   962   392  1908           6
239                0  10   8  6  16  ...   762   949   300  2044           6
227                0   4   8  6  16  ...   412   503   120   820           3
213                0   9   9  8  16  ...  1206   947   378  2452           6
178                0   9   9  8   4  ...  1201  1181   504  2452           6
140                0  10   9  5  16  ...   771  1286   560  1704           6
222                0  11   9  8  16  ...  1431  1396   616  2996           6
179                0   9   9  8   8  ...  1205  1179   504  2452           6
74                 0  11   6  8  16  ...   972  1076   605  2996           6
142                0  10   9  7  16  ...  1119  1288   560  2384           6
148                0  11   9  5  16  ...   829  1394   616  1874           6
139                0  10   9  4  16  ...   625  1286   560  1364           6
212                0   8   9  8  16  ...  1091  1472   616  2180           6

[41 rows x 20 columns]






 PREDICTING RESOURCE USAGES NOW
--------------------------------------
num_estimators = 6
THE X TEST DATA IS:
      H   T  S   B   L  H*T*S  H*L
154   3   9  8   4  16    216   48
153   3   9  8   2  16    216   48
162   5   9  8   4  16    360   80
8     3  12  8  16  16    288   48
98    5   9  3  16  16    135   80
119   7   9  8  16  16    504  112
5     3   9  8  16  16    216   48
129   9   9  2  16  16    162  144
25    5  11  8  16  16    440   80
3     3   7  8  16  16    168   48
124   8   9  5  16  16    360  128
165   6   9  8   2  16    432   96
34    6  11  8  16  16    528   96
21    5   7  8  16  16    280   80
100   5   9  5  16  16    225   80
121   8   9  2  16  16    144  128
118   7   9  7  16  16    441  112
167   6   9  8   8  16    432   96
192   3   9  8  16  24    216   72
1     3   5  8  16  16    120   48
73   11   5  8  16  16    440  176
90    4   9  3  16  16    108   64
110   6   9  7  16  16    378   96
116   7   9  5  16  16    315  112
226   3   8  6  16  10    144   30
0     3   4  8  16  16     96   48
240  10   8  6  16  10    480  100
47    8   6  8  16  16    384  128
169   7   9  8   2  16    504  112
239  10   8  6  16  10    480  100
227   4   8  6  16  10    192   40
213   9   9  8  16  12    648  108
178   9   9  8   4  16    648  144
140  10   9  5  16  16    450  160
222  11   9  8  16  16    792  176
179   9   9  8   8  16    648  144
74   11   6  8  16  16    528  176
142  10   9  7  16  16    630  160
148  11   9  5  16  16    495  176
139  10   9  4  16  16    360  160
212   8   9  8  16  24    576  192




THE Y TEST DATA IS:
     kLUT   kFF  BRAM  URAM   DSP
154   404   475   532   168   820
153   402   475   532   168   820
162   579   669   749   280  1364
8     488   557   454   180   820
98    270   305   749   280   514
119   784   869   964   392  1908
5     416   478   532   168   820
129   289   320  1179   504   616
25    681   763   649   270  1364
3     368   423   415   180   820
124   533   570  1070   448  1364
165   665   767   857   336  1636
34    789   876   736   324  1636
21    520   586   554   300  1364
100   384   425   747   280   854
121   272   303  1070   448   548
118   672   740   962   392  1670
167   675   770   857   336  1636
192   420   478   682   231   820
1     319   370   492   156   820
73    802   875  1252   572  2996
90    242   279   640   224   412
110   596   661   857   336  1432
116   484   522   964   392  1194
226   304   355   430    90   616
0     271   323   556   144   724
240   694   762   949   300  2044
47    683   757   840   440  2180
169   751   864   962   392  1908
239   696   762   949   300  2044
227   359   412   503   120   820
213  1213  1206   947   378  2452
178  1194  1201  1181   504  2452
140   786   771  1286   560  1704
222  1450  1431  1396   616  2996
179  1204  1205  1179   504  2452
74    887   972  1076   605  2996
142  1123  1119  1288   560  2384
148   847   829  1394   616  1874
139   629   625  1286   560  1364
212  1109  1091  1472   616  2180


TRAINING DATA STATISTICS:
     #points = 159
     min     = kLUT    185
kFF     226
BRAM    430
URAM     90
DSP     208
dtype: int64
     max     = kLUT    1801
kFF     1726
BRAM    1631
URAM     693
DSP     3064
dtype: int64
     mean    = kLUT     663.169811
kFF      714.364780
BRAM     885.025157
URAM     348.018868
DSP     1561.157233
dtype: float64
     var     = kLUT     98068.116551
kFF      86879.878752
BRAM     70500.543667
URAM     18383.854072
DSP     458478.348539
dtype: float64


TESTING DATA STATISTICS:
     #points = 41
     min     = kLUT    242
kFF     279
BRAM    415
URAM     90
DSP     412
dtype: int64
     max     = kLUT    1450
kFF     1431
BRAM    1472
URAM     616
DSP     2996
dtype: int64
     mean    = kLUT     640.341463
kFF      688.804878
BRAM     882.658537
URAM     357.804878
DSP     1498.487805
dtype: float64
     var     = kLUT     92407.730488
kFF      84723.160976
BRAM     90756.830488
URAM     24508.010976
DSP     546609.756098
dtype: float64






 Y-value shapes:
(159, 5)
(41, 5)
(41, 5)



 THE FAILED TESTS (>5%) ARE:
      H   T  S   B   L  ...  Actual 3      Diff 3  Predicted 4  Actual 4      Diff 4
154   3   9  8   4  16  ...       168    0.000000   820.000000       820    0.000000
153   3   9  8   2  16  ...       168    0.000000   820.000000       820    0.000000
162   5   9  8   4  16  ...       280    0.000000  1364.000000      1364    0.000000
8     3  12  8  16  16  ...       180    3.666667   910.666667       820   90.666667
98    5   9  3  16  16  ...       280    9.333333   423.333333       514   90.666667
119   7   9  8  16  16  ...       392    0.000000  1908.000000      1908    0.000000
5     3   9  8  16  16  ...       168    0.000000   820.000000       820    0.000000
129   9   9  2  16  16  ...       504   46.666667   650.000000       616   34.000000
25    5  11  8  16  16  ...       270   10.000000  1528.333333      1364  164.333333
3     3   7  8  16  16  ...       180    6.666667   910.666667       820   90.666667
124   8   9  5  16  16  ...       448   16.000000  1409.333333      1364   45.333333
165   6   9  8   2  16  ...       336    0.000000  1636.000000      1636    0.000000
34    6  11  8  16  16  ...       324   23.666667  1862.666667      1636  226.666667
21    5   7  8  16  16  ...       300   11.333333  1446.666667      1364   82.666667
100   5   9  5  16  16  ...       280    2.666667   973.000000       854  119.000000
121   8   9  2  16  16  ...       448   74.666667   491.333333       548   56.666667
118   7   9  7  16  16  ...       392   49.000000  1668.000000      1670    2.000000
167   6   9  8   8  16  ...       336    0.000000  1636.000000      1636    0.000000
192   3   9  8  16  24  ...       231   24.500000   820.000000       820    0.000000
1     3   5  8  16  16  ...       156   21.166667   838.333333       820   18.333333
73   11   5  8  16  16  ...       572   62.833333  2625.333333      2996  370.666667
90    4   9  3  16  16  ...       224    0.000000   344.000000       412   68.000000
110   6   9  7  16  16  ...       336   18.166667  1392.666667      1432   39.333333
116   7   9  5  16  16  ...       392    4.666667  1267.666667      1194   73.666667
226   3   8  6  16  10  ...        90   38.000000   701.000000       616   85.000000
0     3   4  8  16  16  ...       144   30.500000   817.000000       724   93.000000
240  10   8  6  16  10  ...       300   79.666667  2066.666667      2044   22.666667
47    8   6  8  16  16  ...       440   41.333333  2137.333333      2180   42.666667
169   7   9  8   2  16  ...       392    0.000000  1908.000000      1908    0.000000
239  10   8  6  16  10  ...       300   79.666667  2066.666667      2044   22.666667
227   4   8  6  16  10  ...       120   17.333333   797.333333       820   22.666667
213   9   9  8  16  12  ...       378  133.500000  2361.333333      2452   90.666667
178   9   9  8   4  16  ...       504   17.500000  2520.000000      2452   68.000000
140  10   9  5  16  16  ...       560   93.333333  1647.333333      1704   56.666667
222  11   9  8  16  16  ...       616   28.000000  2673.000000      2996  323.000000
179   9   9  8   8  16  ...       504   17.500000  2520.000000      2452   68.000000
74   11   6  8  16  16  ...       605   75.000000  2588.000000      2996  408.000000
142  10   9  7  16  16  ...       560   21.333333  2290.666667      2384   93.333333
148  11   9  5  16  16  ...       616  170.000000  1896.666667      1874   22.666667
139  10   9  4  16  16  ...       560   62.666667  1375.333333      1364   11.333333
212   8   9  8  16  24  ...       616  134.166667  2112.000000      2180   68.000000

[41 rows x 22 columns]
RESOURCE EST model: column 0 Mean absolute Error: 36.76707317073171
RESOURCE EST model: column 1 Mean absolute Error: 30.97439024390244
RESOURCE EST model: column 2 Mean absolute Error: 70.1910569105691
RESOURCE EST model: column 3 Mean absolute Error: 34.7439024390244
RESOURCE EST model: column 4 Mean absolute Error: 74.90243902439022
RESOURCE EST model: number of tests : 41
RESOURCE EST model: MAX Error column 0: 157.5
RESOURCE EST model: MAX Error column 1: 151.16666666666674
RESOURCE EST model: MAX Error column 2: 324.16666666666674
RESOURCE EST model: MAX Error column 3: 170.0
RESOURCE EST model: MAX Error column 4: 408.0
--------------------------------------
num_estimators = 8


 Y-value shapes:
(159, 5)
(41, 5)
(41, 5)



 THE FAILED TESTS (>5%) ARE:
      H   T  S   B   L  ...  Actual 3   Diff 3  Predicted 4  Actual 4  Diff 4
154   3   9  8   4  16  ...       168    0.000       820.00       820    0.00
153   3   9  8   2  16  ...       168    0.000       820.00       820    0.00
162   5   9  8   4  16  ...       280    0.000      1364.00      1364    0.00
8     3  12  8  16  16  ...       180    6.000       922.00       820  102.00
98    5   9  3  16  16  ...       280    7.000       463.00       514   51.00
119   7   9  8  16  16  ...       392    0.000      1908.00      1908    0.00
5     3   9  8  16  16  ...       168    0.000       820.00       820    0.00
129   9   9  2  16  16  ...       504   42.000       633.00       616   17.00
25    5  11  8  16  16  ...       270   12.000      1555.25      1364  191.25
3     3   7  8  16  16  ...       180    1.625       862.50       820   42.50
124   8   9  5  16  16  ...       448   34.750      1389.50      1364   25.50
165   6   9  8   2  16  ...       336    0.000      1636.00      1636    0.00
34    6  11  8  16  16  ...       324   27.750      1865.50      1636  229.50
21    5   7  8  16  16  ...       300    2.875      1494.00      1364  130.00
100   5   9  5  16  16  ...       280    9.000       917.75       854   63.75
121   8   9  2  16  16  ...       448   70.000       488.50       548   59.50
118   7   9  7  16  16  ...       392   53.750      1685.50      1670   15.50
167   6   9  8   8  16  ...       336    0.000      1636.00      1636    0.00
192   3   9  8  16  24  ...       231   28.500       838.00       820   18.00
1     3   5  8  16  16  ...       156   18.500       808.25       820   11.75
73   11   5  8  16  16  ...       572   59.125      2640.00      2996  356.00
90    4   9  3  16  16  ...       224   14.000       361.00       412   51.00
110   6   9  7  16  16  ...       336    6.625      1377.00      1432   55.00
116   7   9  5  16  16  ...       392    8.500      1237.75      1194   43.75
226   3   8  6  16  10  ...        90   28.500       679.75       616   63.75
0     3   4  8  16  16  ...       144   28.500       792.25       724   68.25
240  10   8  6  16  10  ...       300   59.750      2061.00      2044   17.00
47    8   6  8  16  16  ...       440   40.875      2114.00      2180   66.00
169   7   9  8   2  16  ...       392    0.000      1908.00      1908    0.00
239  10   8  6  16  10  ...       300   59.750      2061.00      2044   17.00
227   4   8  6  16  10  ...       120    9.250       777.50       820   42.50
213   9   9  8  16  12  ...       378  128.125      2469.00      2452   17.00
178   9   9  8   4  16  ...       504   20.125      2537.00      2452   85.00
140  10   9  5  16  16  ...       560   82.000      1767.75      1704   63.75
222  11   9  8  16  16  ...       616   28.000      2673.00      2996  323.00
179   9   9  8   8  16  ...       504   20.125      2537.00      2452   85.00
74   11   6  8  16  16  ...       605   98.750      2528.50      2996  467.50
142  10   9  7  16  16  ...       560   47.500      2348.00      2384   36.00
148  11   9  5  16  16  ...       616  177.250      1933.50      1874   59.50
139  10   9  4  16  16  ...       560   59.000      1525.50      1364  161.50
212   8   9  8  16  24  ...       616  142.625      2129.00      2180   51.00

[41 rows x 22 columns]
RESOURCE EST model: column 0 Mean absolute Error: 34.545325203252034
RESOURCE EST model: column 1 Mean absolute Error: 27.56412601626016
RESOURCE EST model: column 2 Mean absolute Error: 70.6829268292683
RESOURCE EST model: column 3 Mean absolute Error: 34.92987804878049
RESOURCE EST model: column 4 Mean absolute Error: 75.28658536585365
RESOURCE EST model: number of tests : 41
RESOURCE EST model: MAX Error column 0: 161.625
RESOURCE EST model: MAX Error column 1: 154.875
RESOURCE EST model: MAX Error column 2: 354.875
RESOURCE EST model: MAX Error column 3: 177.25
RESOURCE EST model: MAX Error column 4: 467.5
--------------------------------------
num_estimators = 10


 Y-value shapes:
(159, 5)
(41, 5)
(41, 5)



 THE FAILED TESTS (>5%) ARE:
      H   T  S   B   L  ...  Actual 3  Diff 3  Predicted 4  Actual 4  Diff 4
154   3   9  8   4  16  ...       168     0.0        820.0       820     0.0
153   3   9  8   2  16  ...       168     0.0        820.0       820     0.0
162   5   9  8   4  16  ...       280     0.0       1364.0      1364     0.0
8     3  12  8  16  16  ...       180     8.0        928.8       820   108.8
98    5   9  3  16  16  ...       280     5.6        466.4       514    47.6
119   7   9  8  16  16  ...       392     0.0       1908.0      1908     0.0
5     3   9  8  16  16  ...       168     0.0        820.0       820     0.0
129   9   9  2  16  16  ...       504    28.0        667.0       616    51.0
25    5  11  8  16  16  ...       270     8.8       1561.2      1364   197.2
3     3   7  8  16  16  ...       180     6.1        860.8       820    40.8
124   8   9  5  16  16  ...       448    27.8       1384.4      1364    20.4
165   6   9  8   2  16  ...       336     0.0       1636.0      1636     0.0
34    6  11  8  16  16  ...       324    30.2       1867.2      1636   231.2
21    5   7  8  16  16  ...       300    12.3       1440.8      1364    76.8
100   5   9  5  16  16  ...       280    12.8        884.6       854    30.6
121   8   9  2  16  16  ...       448    50.4        531.0       548    17.0
118   7   9  7  16  16  ...       392    54.2       1680.4      1670    10.4
167   6   9  8   8  16  ...       336     0.0       1636.0      1636     0.0
192   3   9  8  16  24  ...       231    27.7        861.6       820    41.6
1     3   5  8  16  16  ...       156    26.4        844.6       820    24.6
73   11   5  8  16  16  ...       572    57.7       2656.8      2996   339.2
90    4   9  3  16  16  ...       224     0.0        357.6       412    54.4
110   6   9  7  16  16  ...       336     7.7       1409.6      1432    22.4
116   7   9  5  16  16  ...       392     1.2       1242.6      1194    48.6
226   3   8  6  16  10  ...        90    38.4        656.8       616    40.8
0     3   4  8  16  16  ...       144    34.8        775.0       724    51.0
240  10   8  6  16  10  ...       300    53.8       2098.4      2044    54.4
47    8   6  8  16  16  ...       440    32.3       2154.4      2180    25.6
169   7   9  8   2  16  ...       392     0.0       1908.0      1908     0.0
239  10   8  6  16  10  ...       300    53.8       2098.4      2044    54.4
227   4   8  6  16  10  ...       120    17.8        772.4       820    47.6
213   9   9  8  16  12  ...       378   119.3       2506.4      2452    54.4
178   9   9  8   4  16  ...       504    16.1       2520.0      2452    68.0
140  10   9  5  16  16  ...       560    82.4       1731.2      1704    27.2
222  11   9  8  16  16  ...       616    28.0       2673.0      2996   323.0
179   9   9  8   8  16  ...       504    16.1       2520.0      2452    68.0
74   11   6  8  16  16  ...       605    98.5       2540.4      2996   455.6
142  10   9  7  16  16  ...       560    50.8       2367.2      2384    16.8
148  11   9  5  16  16  ...       616   164.2       1914.8      1874    40.8
139  10   9  4  16  16  ...       560    41.6       1435.4      1364    71.4
212   8   9  8  16  24  ...       616   147.7       2139.2      2180    40.8

[41 rows x 22 columns]
RESOURCE EST model: column 0 Mean absolute Error: 33.692357723577224
RESOURCE EST model: column 1 Mean absolute Error: 26.9049593495935
RESOURCE EST model: column 2 Mean absolute Error: 65.89024390243902
RESOURCE EST model: column 3 Mean absolute Error: 33.1829268292683
RESOURCE EST model: column 4 Mean absolute Error: 68.35121951219513
RESOURCE EST model: number of tests : 41
RESOURCE EST model: MAX Error column 0: 164.0999999999999
RESOURCE EST model: MAX Error column 1: 157.0999999999999
RESOURCE EST model: MAX Error column 2: 363.70000000000005
RESOURCE EST model: MAX Error column 3: 164.2
RESOURCE EST model: MAX Error column 4: 455.5999999999999
--------------------------------------
num_estimators = 12


 Y-value shapes:
(159, 5)
(41, 5)
(41, 5)



 THE FAILED TESTS (>5%) ARE:
      H   T  S   B   L  ...  Actual 3      Diff 3  Predicted 4  Actual 4      Diff 4
154   3   9  8   4  16  ...       168    0.000000   820.000000       820    0.000000
153   3   9  8   2  16  ...       168    0.000000   820.000000       820    0.000000
162   5   9  8   4  16  ...       280    0.000000  1364.000000      1364    0.000000
8     3  12  8  16  16  ...       180   13.333333   956.000000       820  136.000000
98    5   9  3  16  16  ...       280    4.666667   468.666667       514   45.333333
119   7   9  8  16  16  ...       392    0.000000  1908.000000      1908    0.000000
5     3   9  8  16  16  ...       168    0.000000   820.000000       820    0.000000
129   9   9  2  16  16  ...       504    9.333333   675.500000       616   59.500000
25    5  11  8  16  16  ...       270    4.333333  1573.666667      1364  209.666667
3     3   7  8  16  16  ...       180    0.833333   846.000000       820   26.000000
124   8   9  5  16  16  ...       448   23.166667  1375.333333      1364   11.333333
165   6   9  8   2  16  ...       336    0.000000  1636.000000      1636    0.000000
34    6  11  8  16  16  ...       324   27.166667  1874.000000      1636  238.000000
21    5   7  8  16  16  ...       300   20.250000  1401.333333      1364   37.333333
100   5   9  5  16  16  ...       280    5.666667   885.166667       854   31.166667
121   8   9  2  16  16  ...       448   51.333333   522.500000       548   25.500000
118   7   9  7  16  16  ...       392   60.000000  1694.000000      1670   24.000000
167   6   9  8   8  16  ...       336    0.000000  1636.000000      1636    0.000000
192   3   9  8  16  24  ...       231   30.083333   854.666667       820   34.666667
1     3   5  8  16  16  ...       156   25.333333   855.166667       820   35.166667
73   11   5  8  16  16  ...       572   56.750000  2668.000000      2996  328.000000
90    4   9  3  16  16  ...       224    4.666667   355.333333       412   56.666667
110   6   9  7  16  16  ...       336   11.083333  1390.666667      1432   41.333333
116   7   9  5  16  16  ...       392    8.333333  1257.166667      1194   63.166667
226   3   8  6  16  10  ...        90   38.500000   650.000000       616   34.000000
0     3   4  8  16  16  ...       144   33.000000   786.500000       724   62.500000
240  10   8  6  16  10  ...       300   39.833333  2055.333333      2044   11.333333
47    8   6  8  16  16  ...       440   31.250000  2136.000000      2180   44.000000
169   7   9  8   2  16  ...       392    0.000000  1908.000000      1908    0.000000
239  10   8  6  16  10  ...       300   39.833333  2055.333333      2044   11.333333
227   4   8  6  16  10  ...       120   17.333333   797.333333       820   22.666667
213   9   9  8  16  12  ...       378  113.416667  2531.333333      2452   79.333333
178   9   9  8   4  16  ...       504   13.416667  2508.666667      2452   56.666667
140  10   9  5  16  16  ...       560   78.000000  1723.833333      1704   19.833333
222  11   9  8  16  16  ...       616   32.666667  2681.500000      2996  314.500000
179   9   9  8   8  16  ...       504   13.416667  2508.666667      2452   56.666667
74   11   6  8  16  16  ...       605   91.250000  2491.666667      2996  504.333333
142  10   9  7  16  16  ...       560   42.333333  2313.333333      2384   70.666667
148  11   9  5  16  16  ...       616  146.166667  1848.500000      1874   25.500000
139  10   9  4  16  16  ...       560   44.000000  1400.833333      1364   36.833333
212   8   9  8  16  24  ...       616  143.500000  2123.333333      2180   56.666667

[41 rows x 22 columns]
RESOURCE EST model: column 0 Mean absolute Error: 33.24322493224932
RESOURCE EST model: column 1 Mean absolute Error: 26.567140921409212
RESOURCE EST model: column 2 Mean absolute Error: 61.53658536585366
RESOURCE EST model: column 3 Mean absolute Error: 31.079268292682926
RESOURCE EST model: column 4 Mean absolute Error: 68.52845528455285
RESOURCE EST model: number of tests : 41
RESOURCE EST model: MAX Error column 0: 154.44444444444434
RESOURCE EST model: MAX Error column 1: 134.75
RESOURCE EST model: MAX Error column 2: 349.91666666666674
RESOURCE EST model: MAX Error column 3: 146.16666666666669
RESOURCE EST model: MAX Error column 4: 504.3333333333335
--------------------------------------
num_estimators = 14


 Y-value shapes:
(159, 5)
(41, 5)
(41, 5)



 THE FAILED TESTS (>5%) ARE:
      H   T  S   B   L  ...  Actual 3      Diff 3  Predicted 4  Actual 4      Diff 4
154   3   9  8   4  16  ...       168    0.000000   820.000000       820    0.000000
153   3   9  8   2  16  ...       168    0.000000   820.000000       820    0.000000
162   5   9  8   4  16  ...       280    0.000000  1364.000000      1364    0.000000
8     3  12  8  16  16  ...       180   14.428571   956.000000       820  136.000000
98    5   9  3  16  16  ...       280    4.000000   450.857143       514   63.142857
119   7   9  8  16  16  ...       392    0.000000  1908.000000      1908    0.000000
5     3   9  8  16  16  ...       168    3.000000   820.000000       820    0.000000
129   9   9  2  16  16  ...       504   12.000000   662.142857       616   46.142857
25    5  11  8  16  16  ...       270   13.142857  1582.571429      1364  218.571429
3     3   7  8  16  16  ...       180    1.214286   827.714286       820    7.714286
124   8   9  5  16  16  ...       448   23.857143  1359.142857      1364    4.857143
165   6   9  8   2  16  ...       336    0.000000  1636.000000      1636    0.000000
34    6  11  8  16  16  ...       324   23.714286  1859.428571      1636  223.428571
21    5   7  8  16  16  ...       300   18.071429  1415.428571      1364   51.428571
100   5   9  5  16  16  ...       280    4.857143   875.857143       854   21.857143
121   8   9  2  16  16  ...       448   52.000000   516.428571       548   31.571429
118   7   9  7  16  16  ...       392   50.428571  1689.142857      1670   19.142857
167   6   9  8   8  16  ...       336    0.000000  1636.000000      1636    0.000000
192   3   9  8  16  24  ...       231   29.285714   849.714286       820   29.714286
1     3   5  8  16  16  ...       156   28.571429   863.000000       820   43.000000
73   11   5  8  16  16  ...       572   56.071429  2676.000000      2996  320.000000
90    4   9  3  16  16  ...       224    0.000000   348.857143       412   63.142857
110   6   9  7  16  16  ...       336   16.928571  1392.571429      1432   39.428571
116   7   9  5  16  16  ...       392    3.142857  1216.571429      1194   22.571429
226   3   8  6  16  10  ...        90   35.142857   659.714286       616   43.714286
0     3   4  8  16  16  ...       144   36.857143   804.142857       724   80.142857
240  10   8  6  16  10  ...       300   29.857143  2024.571429      2044   19.428571
47    8   6  8  16  16  ...       440   23.357143  2064.571429      2180  115.428571
169   7   9  8   2  16  ...       392    0.000000  1908.000000      1908    0.000000
239  10   8  6  16  10  ...       300   29.857143  2024.571429      2044   19.428571
227   4   8  6  16  10  ...       120   17.000000   815.142857       820    4.857143
213   9   9  8  16  12  ...       378  109.214286  2549.142857      2452   97.142857
178   9   9  8   4  16  ...       504    5.500000  2529.714286      2452   77.714286
140  10   9  5  16  16  ...       560   77.857143  1725.857143      1704   21.857143
222  11   9  8  16  16  ...       616   32.000000  2680.285714      2996  315.714286
179   9   9  8   8  16  ...       504    5.500000  2529.714286      2452   77.714286
74   11   6  8  16  16  ...       605   88.928571  2505.428571      2996  490.571429
142  10   9  7  16  16  ...       560   48.285714  2291.857143      2384   92.142857
148  11   9  5  16  16  ...       616  133.285714  1823.000000      1874   51.000000
139  10   9  4  16  16  ...       560   45.714286  1376.142857      1364   12.142857
212   8   9  8  16  24  ...       616  143.000000  2129.000000      2180   51.000000

[41 rows x 22 columns]
RESOURCE EST model: column 0 Mean absolute Error: 33.65307781649244
RESOURCE EST model: column 1 Mean absolute Error: 26.597851335656216
RESOURCE EST model: column 2 Mean absolute Error: 61.79442508710801
RESOURCE EST model: column 3 Mean absolute Error: 29.660278745644597
RESOURCE EST model: column 4 Mean absolute Error: 71.01742160278745
RESOURCE EST model: number of tests : 41
RESOURCE EST model: MAX Error column 0: 156.0238095238094
RESOURCE EST model: MAX Error column 1: 139.21428571428578
RESOURCE EST model: MAX Error column 2: 349.2142857142858
RESOURCE EST model: MAX Error column 3: 143.0
RESOURCE EST model: MAX Error column 4: 490.57142857142844
--------------------------------------
num_estimators = 16


 Y-value shapes:
(159, 5)
(41, 5)
(41, 5)



 THE FAILED TESTS (>5%) ARE:
      H   T  S   B   L  ...  Actual 3    Diff 3  Predicted 4  Actual 4   Diff 4
154   3   9  8   4  16  ...       168    0.0000      820.000       820    0.000
153   3   9  8   2  16  ...       168    0.0000      820.000       820    0.000
162   5   9  8   4  16  ...       280    0.0000     1364.000      1364    0.000
8     3  12  8  16  16  ...       180   14.2500      956.000       820  136.000
98    5   9  3  16  16  ...       280    7.0000      450.250       514   63.750
119   7   9  8  16  16  ...       392    0.0000     1908.000      1908    0.000
5     3   9  8  16  16  ...       168    2.6250      820.000       820    0.000
129   9   9  2  16  16  ...       504    3.5000      664.875       616   48.875
25    5  11  8  16  16  ...       270   11.0000     1572.250      1364  208.250
3     3   7  8  16  16  ...       180    2.9375      826.750       820    6.750
124   8   9  5  16  16  ...       448   24.3750     1347.000      1364   17.000
165   6   9  8   2  16  ...       336    0.0000     1636.000      1636    0.000
34    6  11  8  16  16  ...       324   27.2500     1848.500      1636  212.500
21    5   7  8  16  16  ...       300   27.0625     1390.500      1364   26.500
100   5   9  5  16  16  ...       280    7.7500      860.375       854    6.375
121   8   9  2  16  16  ...       448   52.5000      526.750       548   21.250
118   7   9  7  16  16  ...       392   37.1250     1682.500      1670   12.500
167   6   9  8   8  16  ...       336    0.0000     1636.000      1636    0.000
192   3   9  8  16  24  ...       231   30.8750      846.000       820   26.000
1     3   5  8  16  16  ...       156   26.1250      857.625       820   37.625
73   11   5  8  16  16  ...       572   55.0625     2677.000      2996  319.000
90    4   9  3  16  16  ...       224    3.5000      335.500       412   76.500
110   6   9  7  16  16  ...       336   20.8125     1423.000      1432    9.000
116   7   9  5  16  16  ...       392    0.7500     1230.750      1194   36.750
226   3   8  6  16  10  ...        90   30.7500      654.250       616   38.250
0     3   4  8  16  16  ...       144   34.8750      806.125       724   82.125
240  10   8  6  16  10  ...       300   26.5000     1991.750      2044   52.250
47    8   6  8  16  16  ...       440   22.1875     2080.000      2180  100.000
169   7   9  8   2  16  ...       392    0.0000     1908.000      1908    0.000
239  10   8  6  16  10  ...       300   26.5000     1991.750      2044   52.250
227   4   8  6  16  10  ...       120   23.0000      845.500       820   25.500
213   9   9  8  16  12  ...       378  113.8125     2530.625      2452   78.625
178   9   9  8   4  16  ...       504   11.8125     2530.625      2452   78.625
140  10   9  5  16  16  ...       560   78.6250     1727.375      1704   23.375
222  11   9  8  16  16  ...       616   31.5000     2679.375      2996  316.625
179   9   9  8   8  16  ...       504   11.8125     2530.625      2452   78.625
74   11   6  8  16  16  ...       605   86.6875     2510.750      2996  485.250
142  10   9  7  16  16  ...       560   57.2500     2276.875      2384  107.125
148  11   9  5  16  16  ...       616  128.4375     1829.375      1874   44.625
139  10   9  4  16  16  ...       560   40.0000     1374.625      1364   10.625
212   8   9  8  16  24  ...       616  146.1250     2135.375      2180   44.625

[41 rows x 22 columns]
RESOURCE EST model: column 0 Mean absolute Error: 34.302235772357726
RESOURCE EST model: column 1 Mean absolute Error: 26.70360772357724
RESOURCE EST model: column 2 Mean absolute Error: 60.614329268292686
RESOURCE EST model: column 3 Mean absolute Error: 29.86280487804878
RESOURCE EST model: column 4 Mean absolute Error: 70.3201219512195
RESOURCE EST model: number of tests : 41
RESOURCE EST model: MAX Error column 0: 148.3125
RESOURCE EST model: MAX Error column 1: 142.5625
RESOURCE EST model: MAX Error column 2: 355.4375
RESOURCE EST model: MAX Error column 3: 146.125
RESOURCE EST model: MAX Error column 4: 485.25
--------------------------------------
num_estimators = 18


 Y-value shapes:
(159, 5)
(41, 5)
(41, 5)



 THE FAILED TESTS (>5%) ARE:
      H   T  S   B   L  ...  Actual 3      Diff 3  Predicted 4  Actual 4      Diff 4
154   3   9  8   4  16  ...       168    0.000000   820.000000       820    0.000000
153   3   9  8   2  16  ...       168    0.000000   820.000000       820    0.000000
162   5   9  8   4  16  ...       280    0.000000  1364.000000      1364    0.000000
8     3  12  8  16  16  ...       180   17.555556   971.111111       820  151.111111
98    5   9  3  16  16  ...       280    3.111111   457.333333       514   56.666667
119   7   9  8  16  16  ...       392    0.000000  1908.000000      1908    0.000000
5     3   9  8  16  16  ...       168    2.333333   820.000000       820    0.000000
129   9   9  2  16  16  ...       504    6.222222   668.888889       616   52.888889
25    5  11  8  16  16  ...       270   17.111111  1579.333333      1364  215.333333
3     3   7  8  16  16  ...       180    1.000000   856.222222       820   36.222222
124   8   9  5  16  16  ...       448   29.055556  1333.777778      1364   30.222222
165   6   9  8   2  16  ...       336    0.000000  1636.000000      1636    0.000000
34    6  11  8  16  16  ...       324   28.222222  1824.888889      1636  188.888889
21    5   7  8  16  16  ...       300   20.444444  1398.888889      1364   34.888889
100   5   9  5  16  16  ...       280   13.111111   874.777778       854   20.777778
121   8   9  2  16  16  ...       448   62.222222   525.333333       548   22.666667
118   7   9  7  16  16  ...       392   39.222222  1682.666667      1670   12.666667
167   6   9  8   8  16  ...       336    0.000000  1636.000000      1636    0.000000
192   3   9  8  16  24  ...       231   31.555556   858.222222       820   38.222222
1     3   5  8  16  16  ...       156   24.222222   853.444444       820   33.444444
73   11   5  8  16  16  ...       572   56.111111  2667.111111      2996  328.888889
90    4   9  3  16  16  ...       224    3.111111   359.111111       412   52.888889
110   6   9  7  16  16  ...       336   22.333333  1420.888889      1432   11.111111
116   7   9  5  16  16  ...       392    0.666667  1222.888889      1194   28.888889
226   3   8  6  16  10  ...        90   33.333333   655.666667       616   39.666667
0     3   4  8  16  16  ...       144   39.722222   781.222222       724   57.222222
240  10   8  6  16  10  ...       300   23.555556  1997.555556      2044   46.444444
47    8   6  8  16  16  ...       440   25.500000  2060.888889      2180  119.111111
169   7   9  8   2  16  ...       392    0.000000  1908.000000      1908    0.000000
239  10   8  6  16  10  ...       300   23.555556  1997.555556      2044   46.444444
227   4   8  6  16  10  ...       120   26.222222   842.666667       820   22.666667
213   9   9  8  16  12  ...       378  105.500000  2510.555556      2452   58.555556
178   9   9  8   4  16  ...       504    6.500000  2505.888889      2452   53.888889
140  10   9  5  16  16  ...       560   79.222222  1728.555556      1704   24.555556
222  11   9  8  16  16  ...       616   34.222222  2684.333333      2996  311.666667
179   9   9  8   8  16  ...       504    6.500000  2505.888889      2452   53.888889
74   11   6  8  16  16  ...       605   83.166667  2481.555556      2996  514.444444
142  10   9  7  16  16  ...       560   58.000000  2257.666667      2384  126.333333
148  11   9  5  16  16  ...       616  124.666667  1834.333333      1874   39.666667
139  10   9  4  16  16  ...       560   44.000000  1433.888889      1364   69.888889
212   8   9  8  16  24  ...       616  149.444444  2139.444444      2180   40.555556

[41 rows x 22 columns]
RESOURCE EST model: column 0 Mean absolute Error: 33.7246386630533
RESOURCE EST model: column 1 Mean absolute Error: 26.77213188798555
RESOURCE EST model: column 2 Mean absolute Error: 61.44579945799458
RESOURCE EST model: column 3 Mean absolute Error: 30.26151761517615
RESOURCE EST model: column 4 Mean absolute Error: 71.72628726287262
RESOURCE EST model: number of tests : 41
RESOURCE EST model: MAX Error column 0: 144.83333333333326
RESOURCE EST model: MAX Error column 1: 139.16666666666674
RESOURCE EST model: MAX Error column 2: 350.2777777777778
RESOURCE EST model: MAX Error column 3: 149.44444444444446
RESOURCE EST model: MAX Error column 4: 514.4444444444443
--------------------------------------
num_estimators = 20


 Y-value shapes:
(159, 5)
(41, 5)
(41, 5)



 THE FAILED TESTS (>5%) ARE:
      H   T  S   B   L  ...  Actual 3  Diff 3  Predicted 4  Actual 4  Diff 4
154   3   9  8   4  16  ...       168    0.00        820.0       820     0.0
153   3   9  8   2  16  ...       168    0.00        820.0       820     0.0
162   5   9  8   4  16  ...       280    0.00       1364.0      1364     0.0
8     3  12  8  16  16  ...       180   20.20        983.2       820   163.2
98    5   9  3  16  16  ...       280   11.20        446.0       514    68.0
119   7   9  8  16  16  ...       392    0.00       1908.0      1908     0.0
5     3   9  8  16  16  ...       168    2.10        820.0       820     0.0
129   9   9  2  16  16  ...       504    0.00        685.7       616    69.7
25    5  11  8  16  16  ...       270   16.40       1557.8      1364   193.8
3     3   7  8  16  16  ...       180    0.60        852.6       820    32.6
124   8   9  5  16  16  ...       448   31.75       1316.4      1364    47.6
165   6   9  8   2  16  ...       336    0.00       1636.0      1636     0.0
34    6  11  8  16  16  ...       324   25.70       1819.6      1636   183.6
21    5   7  8  16  16  ...       300   22.40       1370.4      1364     6.4
100   5   9  5  16  16  ...       280   11.80        855.7       854     1.7
121   8   9  2  16  16  ...       448   44.80        556.5       548     8.5
118   7   9  7  16  16  ...       392   38.80       1680.4      1670    10.4
167   6   9  8   8  16  ...       336    0.00       1636.0      1636     0.0
192   3   9  8  16  24  ...       231   30.05        868.0       820    48.0
1     3   5  8  16  16  ...       156   22.70        850.1       820    30.1
73   11   5  8  16  16  ...       572   61.20       2604.8      2996   391.2
90    4   9  3  16  16  ...       224    5.60        357.6       412    54.4
110   6   9  7  16  16  ...       336   20.10       1401.6      1432    30.4
116   7   9  5  16  16  ...       392    6.20       1203.0      1194     9.0
226   3   8  6  16  10  ...        90   36.70        648.3       616    32.3
0     3   4  8  16  16  ...       144   37.85        785.1       724    61.1
240  10   8  6  16  10  ...       300   29.90       1981.8      2044    62.2
47    8   6  8  16  16  ...       440   28.10       2021.8      2180   158.2
169   7   9  8   2  16  ...       392    0.00       1908.0      1908     0.0
239  10   8  6  16  10  ...       300   29.90       1981.8      2044    62.2
227   4   8  6  16  10  ...       120   28.80        833.6       820    13.6
213   9   9  8  16  12  ...       378  107.55       2504.7      2452    52.7
178   9   9  8   4  16  ...       504    5.85       2500.5      2452    48.5
140  10   9  5  16  16  ...       560   71.30       1707.4      1704     3.4
222  11   9  8  16  16  ...       616   33.60       2683.2      2996   312.8
179   9   9  8   8  16  ...       504    5.85       2500.5      2452    48.5
74   11   6  8  16  16  ...       605   79.80       2468.4      2996   527.6
142  10   9  7  16  16  ...       560   57.80       2243.1      2384   140.9
148  11   9  5  16  16  ...       616  112.20       1838.3      1874    35.7
139  10   9  4  16  16  ...       560   39.60       1408.2      1364    44.2
212   8   9  8  16  24  ...       616  142.90       2146.9      2180    33.1

[41 rows x 22 columns]
RESOURCE EST model: column 0 Mean absolute Error: 34.226788617886186
RESOURCE EST model: column 1 Mean absolute Error: 27.606382113821137
RESOURCE EST model: column 2 Mean absolute Error: 59.75975609756097
RESOURCE EST model: column 3 Mean absolute Error: 29.739024390243905
RESOURCE EST model: column 4 Mean absolute Error: 72.81951219512194
RESOURCE EST model: number of tests : 41
RESOURCE EST model: MAX Error column 0: 147.75
RESOURCE EST model: MAX Error column 1: 141.8499999999999
RESOURCE EST model: MAX Error column 2: 339.0999999999999
RESOURCE EST model: MAX Error column 3: 142.89999999999998
RESOURCE EST model: MAX Error column 4: 527.5999999999999
--------------------------------------
num_estimators = 22


 Y-value shapes:
(159, 5)
(41, 5)
(41, 5)



 THE FAILED TESTS (>5%) ARE:
      H   T  S   B   L  ...  Actual 3      Diff 3  Predicted 4  Actual 4      Diff 4
154   3   9  8   4  16  ...       168    0.000000   820.000000       820    0.000000
153   3   9  8   2  16  ...       168    0.000000   820.000000       820    0.000000
162   5   9  8   4  16  ...       280    0.000000  1364.000000      1364    0.000000
8     3  12  8  16  16  ...       180   17.000000   968.363636       820  148.363636
98    5   9  3  16  16  ...       280    7.636364   455.272727       514   58.727273
119   7   9  8  16  16  ...       392    2.227273  1908.000000      1908    0.000000
5     3   9  8  16  16  ...       168    1.909091   820.000000       820    0.000000
129   9   9  2  16  16  ...       504    5.090909   697.909091       616   81.909091
25    5  11  8  16  16  ...       270   18.363636  1560.272727      1364  196.272727
3     3   7  8  16  16  ...       180    1.772727   845.000000       820   25.000000
124   8   9  5  16  16  ...       448   23.772727  1336.181818      1364   27.818182
165   6   9  8   2  16  ...       336    0.000000  1636.000000      1636    0.000000
34    6  11  8  16  16  ...       324   24.454545  1802.909091      1636  166.909091
21    5   7  8  16  16  ...       300   24.000000  1349.727273      1364   14.272727
100   5   9  5  16  16  ...       280    8.181818   858.636364       854    4.636364
121   8   9  2  16  16  ...       448   40.727273   580.454545       548   32.454545
118   7   9  7  16  16  ...       392   33.818182  1703.272727      1670   33.272727
167   6   9  8   8  16  ...       336    0.000000  1636.000000      1636    0.000000
192   3   9  8  16  24  ...       231   28.818182   876.000000       820   56.000000
1     3   5  8  16  16  ...       156   21.454545   847.363636       820   27.363636
73   11   5  8  16  16  ...       572   60.363636  2615.636364      2996  380.363636
90    4   9  3  16  16  ...       224    2.545455   353.272727       412   58.727273
110   6   9  7  16  16  ...       336   19.363636  1414.181818      1432   17.818182
116   7   9  5  16  16  ...       392    0.545455  1192.909091      1194    1.090909
226   3   8  6  16  10  ...        90   36.909091   645.363636       616   29.363636
0     3   4  8  16  16  ...       144   36.318182   788.272727       724   64.272727
240  10   8  6  16  10  ...       300   32.363636  1991.272727      2044   52.727273
47    8   6  8  16  16  ...       440   25.363636  2048.545455      2180  131.454545
169   7   9  8   2  16  ...       392    0.000000  1908.000000      1908    0.000000
239  10   8  6  16  10  ...       300   32.363636  1991.272727      2044   52.727273
227   4   8  6  16  10  ...       120   28.363636   818.454545       820    1.545455
213   9   9  8  16  12  ...       378  114.545455  2487.545455      2452   35.545455
178   9   9  8   4  16  ...       504   13.909091  2496.090909      2452   44.090909
140  10   9  5  16  16  ...       560   71.000000  1721.000000      1704   17.000000
222  11   9  8  16  16  ...       616   33.090909  2682.272727      2996  313.727273
179   9   9  8   8  16  ...       504   13.909091  2496.090909      2452   44.090909
74   11   6  8  16  16  ...       605   80.272727  2491.636364      2996  504.363636
142  10   9  7  16  16  ...       560   64.181818  2248.181818      2384  135.818182
148  11   9  5  16  16  ...       616  117.636364  1828.363636      1874   45.636364
139  10   9  4  16  16  ...       560   41.090909  1419.636364      1364   55.636364
212   8   9  8  16  24  ...       616  145.181818  2149.909091      2180   30.090909

[41 rows x 22 columns]
RESOURCE EST model: column 0 Mean absolute Error: 34.26448632668145
RESOURCE EST model: column 1 Mean absolute Error: 27.301810790835177
RESOURCE EST model: column 2 Mean absolute Error: 60.73503325942351
RESOURCE EST model: column 3 Mean absolute Error: 29.964523281596446
RESOURCE EST model: column 4 Mean absolute Error: 70.46563192904657
RESOURCE EST model: number of tests : 41
RESOURCE EST model: MAX Error column 0: 150.13636363636374
RESOURCE EST model: MAX Error column 1: 144.0454545454545
RESOURCE EST model: MAX Error column 2: 348.909090909091
RESOURCE EST model: MAX Error column 3: 145.1818181818182
RESOURCE EST model: MAX Error column 4: 504.3636363636365
--------------------------------------
num_estimators = 24


 Y-value shapes:
(159, 5)
(41, 5)
(41, 5)



 THE FAILED TESTS (>5%) ARE:
      H   T  S   B   L  ...  Actual 3      Diff 3  Predicted 4  Actual 4      Diff 4
154   3   9  8   4  16  ...       168    0.000000   820.000000       820    0.000000
153   3   9  8   2  16  ...       168    0.000000   820.000000       820    0.000000
162   5   9  8   4  16  ...       280    0.000000  1364.000000      1364    0.000000
8     3  12  8  16  16  ...       180   17.416667   984.333333       820  164.333333
98    5   9  3  16  16  ...       280    4.666667   471.500000       514   42.500000
119   7   9  8  16  16  ...       392    2.041667  1908.000000      1908    0.000000
5     3   9  8  16  16  ...       168    1.750000   820.000000       820    0.000000
129   9   9  2  16  16  ...       504    0.000000   696.750000       616   80.750000
25    5  11  8  16  16  ...       270   20.000000  1555.250000      1364  191.250000
3     3   7  8  16  16  ...       180    2.875000   842.916667       820   22.916667
124   8   9  5  16  16  ...       448   14.791667  1355.500000      1364    8.500000
165   6   9  8   2  16  ...       336    0.000000  1636.000000      1636    0.000000
34    6  11  8  16  16  ...       324   23.416667  1811.666667      1636  175.666667
21    5   7  8  16  16  ...       300   23.250000  1355.583333      1364    8.416667
100   5   9  5  16  16  ...       280    7.500000   858.250000       854    4.250000
121   8   9  2  16  16  ...       448   37.333333   577.750000       548   29.750000
118   7   9  7  16  16  ...       392   30.416667  1709.000000      1670   39.000000
167   6   9  8   8  16  ...       336    0.000000  1636.000000      1636    0.000000
192   3   9  8  16  24  ...       231   26.333333   887.333333       820   67.333333
1     3   5  8  16  16  ...       156   20.416667   845.083333       820   25.083333
73   11   5  8  16  16  ...       572   60.708333  2613.333333      2996  382.666667
90    4   9  3  16  16  ...       224    0.000000   361.000000       412   51.000000
110   6   9  7  16  16  ...       336   19.416667  1424.166667      1432    7.833333
116   7   9  5  16  16  ...       392    0.500000  1193.000000      1194    1.000000
226   3   8  6  16  10  ...        90   35.083333   651.416667       616   35.416667
0     3   4  8  16  16  ...       144   35.041667   790.916667       724   66.916667
240  10   8  6  16  10  ...       300   32.416667  1995.666667      2044   48.333333
47    8   6  8  16  16  ...       440   31.333333  2045.333333      2180  134.666667
169   7   9  8   2  16  ...       392    0.000000  1908.000000      1908    0.000000
239  10   8  6  16  10  ...       300   32.416667  1995.666667      2044   48.333333
227   4   8  6  16  10  ...       120   26.000000   818.583333       820    1.416667
213   9   9  8  16  12  ...       378  115.500000  2484.583333      2452   32.583333
178   9   9  8   4  16  ...       504   12.750000  2492.416667      2452   40.416667
140  10   9  5  16  16  ...       560   69.083333  1755.000000      1704   51.000000
222  11   9  8  16  16  ...       616   30.333333  2677.250000      2996  318.750000
179   9   9  8   8  16  ...       504   12.750000  2492.416667      2452   40.416667
74   11   6  8  16  16  ...       605   80.041667  2471.333333      2996  524.666667
142  10   9  7  16  16  ...       560   54.166667  2248.166667      2384  135.833333
148  11   9  5  16  16  ...       616  114.833333  1837.833333      1874   36.166667
139  10   9  4  16  16  ...       560   35.333333  1406.500000      1364   42.500000
212   8   9  8  16  24  ...       616  148.416667  2151.083333      2180   28.916667

[41 rows x 22 columns]
RESOURCE EST model: column 0 Mean absolute Error: 34.43164924506389
RESOURCE EST model: column 1 Mean absolute Error: 27.853823073945016
RESOURCE EST model: column 2 Mean absolute Error: 57.662601626016276
RESOURCE EST model: column 3 Mean absolute Error: 28.739837398373982
RESOURCE EST model: column 4 Mean absolute Error: 70.45325203252031
RESOURCE EST model: number of tests : 41
RESOURCE EST model: MAX Error column 0: 156.875
RESOURCE EST model: MAX Error column 1: 150.375
RESOURCE EST model: MAX Error column 2: 338.08333333333326
RESOURCE EST model: MAX Error column 3: 148.41666666666669
RESOURCE EST model: MAX Error column 4: 524.6666666666665
--------------------------------------
num_estimators = 26


 Y-value shapes:
(159, 5)
(41, 5)
(41, 5)



 THE FAILED TESTS (>5%) ARE:
      H   T  S   B   L  ...  Actual 3      Diff 3  Predicted 4  Actual 4      Diff 4
154   3   9  8   4  16  ...       168    0.000000   820.000000       820    0.000000
153   3   9  8   2  16  ...       168    0.000000   820.000000       820    0.000000
162   5   9  8   4  16  ...       280    0.000000  1364.000000      1364    0.000000
8     3  12  8  16  16  ...       180   19.461538   992.615385       820  172.615385
98    5   9  3  16  16  ...       280    2.153846   474.769231       514   39.230769
119   7   9  8  16  16  ...       392    1.884615  1908.000000      1908    0.000000
5     3   9  8  16  16  ...       168    1.615385   820.000000       820    0.000000
129   9   9  2  16  16  ...       504    6.461538   694.461538       616   78.461538
25    5  11  8  16  16  ...       270   19.230769  1547.076923      1364  183.076923
3     3   7  8  16  16  ...       180    1.576923   843.769231       820   23.769231
124   8   9  5  16  16  ...       448    5.038462  1367.923077      1364    3.923077
165   6   9  8   2  16  ...       336    0.000000  1636.000000      1636    0.000000
34    6  11  8  16  16  ...       324   20.923077  1816.461538      1636  180.461538
21    5   7  8  16  16  ...       300   29.153846  1340.538462      1364   23.461538
100   5   9  5  16  16  ...       280    1.384615   860.846154       854    6.846154
121   8   9  2  16  16  ...       448   40.923077   567.615385       548   19.615385
118   7   9  7  16  16  ...       392   30.230769  1715.692308      1670   45.692308
167   6   9  8   8  16  ...       336    0.000000  1636.000000      1636    0.000000
192   3   9  8  16  24  ...       231   26.192308   882.153846       820   62.153846
1     3   5  8  16  16  ...       156   23.461538   863.461538       820   43.461538
73   11   5  8  16  16  ...       572   60.038462  2621.846154      2996  374.153846
90    4   9  3  16  16  ...       224    0.000000   362.307692       412   49.692308
110   6   9  7  16  16  ...       336   21.615385  1425.692308      1432    6.307692
116   7   9  5  16  16  ...       392    6.615385  1204.000000      1194   10.000000
226   3   8  6  16  10  ...        90   35.384615   644.769231       616   28.769231
0     3   4  8  16  16  ...       144   37.884615   813.461538       724   89.461538
240  10   8  6  16  10  ...       300   30.846154  2002.000000      2044   42.000000
47    8   6  8  16  16  ...       440   23.730769  2087.076923      2180   92.923077
169   7   9  8   2  16  ...       392    0.000000  1908.000000      1908    0.000000
239  10   8  6  16  10  ...       300   30.846154  2002.000000      2044   42.000000
227   4   8  6  16  10  ...       120   24.923077   815.000000       820    5.000000
213   9   9  8  16  12  ...       378  121.423077  2471.615385      2452   19.615385
178   9   9  8   4  16  ...       504   19.038462  2489.307692      2452   37.307692
140  10   9  5  16  16  ...       560   70.230769  1753.692308      1704   49.692308
222  11   9  8  16  16  ...       616   30.153846  2691.307692      2996  304.692308
179   9   9  8   8  16  ...       504   19.038462  2489.307692      2452   37.307692
74   11   6  8  16  16  ...       605   81.961538  2469.846154      2996  526.153846
142  10   9  7  16  16  ...       560   57.538462  2267.769231      2384  116.230769
148  11   9  5  16  16  ...       616  112.461538  1845.846154      1874   28.153846
139  10   9  4  16  16  ...       560   32.615385  1415.000000      1364   51.000000
212   8   9  8  16  24  ...       616  140.500000  2163.769231      2180   16.230769

[41 rows x 22 columns]
RESOURCE EST model: column 0 Mean absolute Error: 33.18381131064058
RESOURCE EST model: column 1 Mean absolute Error: 27.078013043866708
RESOURCE EST model: column 2 Mean absolute Error: 58.09849906191371
RESOURCE EST model: column 3 Mean absolute Error: 28.93996247654784
RESOURCE EST model: column 4 Mean absolute Error: 68.5234521575985
RESOURCE EST model: number of tests : 41
RESOURCE EST model: MAX Error column 0: 141.38461538461547
RESOURCE EST model: MAX Error column 1: 135.96153846153857
RESOURCE EST model: MAX Error column 2: 321.3076923076924
RESOURCE EST model: MAX Error column 3: 140.5
RESOURCE EST model: MAX Error column 4: 526.1538461538462
--------------------------------------
num_estimators = 28


 Y-value shapes:
(159, 5)
(41, 5)
(41, 5)



 THE FAILED TESTS (>5%) ARE:
      H   T  S   B   L  ...  Actual 3      Diff 3  Predicted 4  Actual 4      Diff 4
154   3   9  8   4  16  ...       168    0.000000   820.000000       820    0.000000
153   3   9  8   2  16  ...       168    0.000000   820.000000       820    0.000000
162   5   9  8   4  16  ...       280    0.000000  1364.000000      1364    0.000000
8     3  12  8  16  16  ...       180   21.214286   999.714286       820  179.714286
98    5   9  3  16  16  ...       280    2.000000   475.142857       514   38.857143
119   7   9  8  16  16  ...       392    1.750000  1908.000000      1908    0.000000
5     3   9  8  16  16  ...       168    1.500000   820.000000       820    0.000000
129   9   9  2  16  16  ...       504    4.000000   702.214286       616   86.214286
25    5  11  8  16  16  ...       270   18.571429  1540.071429      1364  176.071429
3     3   7  8  16  16  ...       180    2.535714   842.071429       820   22.071429
124   8   9  5  16  16  ...       448    0.678571  1357.928571      1364    6.071429
165   6   9  8   2  16  ...       336    0.000000  1636.000000      1636    0.000000
34    6  11  8  16  16  ...       324   22.285714  1829.071429      1636  193.071429
21    5   7  8  16  16  ...       300   29.214286  1336.142857      1364   27.857143
100   5   9  5  16  16  ...       280    7.285714   862.785714       854    8.785714
121   8   9  2  16  16  ...       448   38.000000   577.142857       548   29.142857
118   7   9  7  16  16  ...       392   30.071429  1721.428571      1670   51.428571
167   6   9  8   8  16  ...       336    0.000000  1636.000000      1636    0.000000
192   3   9  8  16  24  ...       231   23.821429   887.428571       820   67.428571
1     3   5  8  16  16  ...       156   25.107143   874.071429       820   54.071429
73   11   5  8  16  16  ...       572   59.464286  2629.142857      2996  366.857143
90    4   9  3  16  16  ...       224    0.000000   375.571429       412   36.428571
110   6   9  7  16  16  ...       336   20.071429  1411.571429      1432   20.428571
116   7   9  5  16  16  ...       392    2.142857  1196.000000      1194    2.000000
226   3   8  6  16  10  ...        90   36.714286   650.000000       616   34.000000
0     3   4  8  16  16  ...       144   39.357143   827.642857       724  103.642857
240  10   8  6  16  10  ...       300   33.214286  1992.857143      2044   51.142857
47    8   6  8  16  16  ...       440   28.321429  2067.428571      2180  112.571429
169   7   9  8   2  16  ...       392    0.000000  1908.000000      1908    0.000000
239  10   8  6  16  10  ...       300   33.214286  1992.857143      2044   51.142857
227   4   8  6  16  10  ...       120   24.857143   815.357143       820    4.642857
213   9   9  8  16  12  ...       378  118.750000  2484.785714      2452   32.785714
178   9   9  8   4  16  ...       504   17.678571  2486.642857      2452   34.642857
140  10   9  5  16  16  ...       560   75.214286  1743.357143      1704   39.357143
222  11   9  8  16  16  ...       616   32.000000  2693.642857      2996  302.357143
179   9   9  8   8  16  ...       504   17.678571  2486.642857      2452   34.642857
74   11   6  8  16  16  ...       605   78.750000  2471.000000      2996  525.000000
142  10   9  7  16  16  ...       560   55.428571  2255.428571      2384  128.571429
148  11   9  5  16  16  ...       616  114.678571  1836.928571      1874   37.071429
139  10   9  4  16  16  ...       560   34.285714  1401.642857      1364   37.642857
212   8   9  8  16  24  ...       616  142.464286  2164.928571      2180   15.071429

[41 rows x 22 columns]
RESOURCE EST model: column 0 Mean absolute Error: 34.3031732205077
RESOURCE EST model: column 1 Mean absolute Error: 28.09247552679609
RESOURCE EST model: column 2 Mean absolute Error: 57.88588850174216
RESOURCE EST model: column 3 Mean absolute Error: 29.081010452961674
RESOURCE EST model: column 4 Mean absolute Error: 70.99477351916374
RESOURCE EST model: number of tests : 41
RESOURCE EST model: MAX Error column 0: 145.67857142857144
RESOURCE EST model: MAX Error column 1: 131.07142857142867
RESOURCE EST model: MAX Error column 2: 326.8571428571429
RESOURCE EST model: MAX Error column 3: 142.46428571428572
RESOURCE EST model: MAX Error column 4: 525.0
--------------------------------------
num_estimators = 30


 Y-value shapes:
(159, 5)
(41, 5)
(41, 5)



 THE FAILED TESTS (>5%) ARE:
      H   T  S   B   L  ...  Actual 3      Diff 3  Predicted 4  Actual 4      Diff 4
154   3   9  8   4  16  ...       168    0.000000   820.000000       820    0.000000
153   3   9  8   2  16  ...       168    0.000000   820.000000       820    0.000000
162   5   9  8   4  16  ...       280    0.000000  1364.000000      1364    0.000000
8     3  12  8  16  16  ...       180   20.666667   996.800000       820  176.800000
98    5   9  3  16  16  ...       280    3.733333   480.000000       514   34.000000
119   7   9  8  16  16  ...       392    1.633333  1908.000000      1908    0.000000
5     3   9  8  16  16  ...       168    1.400000   820.000000       820    0.000000
129   9   9  2  16  16  ...       504    1.866667   708.933333       616   92.933333
25    5  11  8  16  16  ...       270   18.933333  1546.466667      1364  182.466667
3     3   7  8  16  16  ...       180    3.166667   830.400000       820   10.400000
124   8   9  5  16  16  ...       448    0.866667  1353.800000      1364   10.200000
165   6   9  8   2  16  ...       336    0.000000  1636.000000      1636    0.000000
34    6  11  8  16  16  ...       324   23.933333  1843.400000      1636  207.400000
21    5   7  8  16  16  ...       300   26.866667  1338.000000      1364   26.000000
100   5   9  5  16  16  ...       280    6.800000   855.400000       854    1.400000
121   8   9  2  16  16  ...       448   39.200000   570.666667       548   22.666667
118   7   9  7  16  16  ...       392   31.800000  1718.933333      1670   48.933333
167   6   9  8   8  16  ...       336    0.000000  1636.000000      1636    0.000000
192   3   9  8  16  24  ...       231   22.833333   892.000000       820   72.000000
1     3   5  8  16  16  ...       156   24.033333   876.466667       820   56.466667
73   11   5  8  16  16  ...       572   61.533333  2617.333333      2996  378.666667
90    4   9  3  16  16  ...       224    3.733333   378.000000       412   34.000000
110   6   9  7  16  16  ...       336   21.033333  1411.066667      1432   20.933333
116   7   9  5  16  16  ...       392    3.866667  1192.466667      1194    1.533333
226   3   8  6  16  10  ...        90   35.266667   654.533333       616   38.533333
0     3   4  8  16  16  ...       144   38.133333   833.133333       724  109.133333
240  10   8  6  16  10  ...       300   29.000000  1982.666667      2044   61.333333
47    8   6  8  16  16  ...       440   30.100000  2056.800000      2180  123.200000
169   7   9  8   2  16  ...       392    0.000000  1908.000000      1908    0.000000
239  10   8  6  16  10  ...       300   29.000000  1982.666667      2044   61.333333
227   4   8  6  16  10  ...       120   23.200000   815.666667       820    4.333333
213   9   9  8  16  12  ...       378  116.433333  2496.200000      2452   44.200000
178   9   9  8   4  16  ...       504   14.100000  2475.266667      2452   23.266667
140  10   9  5  16  16  ...       560   79.533333  1734.400000      1704   30.400000
222  11   9  8  16  16  ...       616   31.733333  2692.266667      2996  303.733333
179   9   9  8   8  16  ...       504   14.100000  2475.266667      2452   23.266667
74   11   6  8  16  16  ...       605   84.500000  2451.066667      2996  544.933333
142  10   9  7  16  16  ...       560   53.600000  2244.733333      2384  139.266667
148  11   9  5  16  16  ...       616  112.866667  1828.066667      1874   45.933333
139  10   9  4  16  16  ...       560   35.733333  1390.066667      1364   26.066667
212   8   9  8  16  24  ...       616  144.166667  2165.933333      2180   14.066667

[41 rows x 22 columns]
RESOURCE EST model: column 0 Mean absolute Error: 34.219519938056514
RESOURCE EST model: column 1 Mean absolute Error: 27.66354626403407
RESOURCE EST model: column 2 Mean absolute Error: 57.4479674796748
RESOURCE EST model: column 3 Mean absolute Error: 29.008943089430904
RESOURCE EST model: column 4 Mean absolute Error: 72.43414634146342
RESOURCE EST model: number of tests : 41
RESOURCE EST model: MAX Error column 0: 152.20000000000005
RESOURCE EST model: MAX Error column 1: 130.4333333333334
RESOURCE EST model: MAX Error column 2: 331.66666666666674
RESOURCE EST model: MAX Error column 3: 144.16666666666669
RESOURCE EST model: MAX Error column 4: 544.9333333333334
[36.76707317 30.97439024 70.19105691 34.74390244 74.90243902]
[34.5453252  27.56412602 70.68292683 34.92987805 75.28658537]
[33.69235772 26.90495935 65.8902439  33.18292683 68.35121951]
[33.24322493 26.56714092 61.53658537 31.07926829 68.52845528]
[33.65307782 26.59785134 61.79442509 29.66027875 71.0174216 ]
[34.30223577 26.70360772 60.61432927 29.86280488 70.32012195]
[33.72463866 26.77213189 61.44579946 30.26151762 71.72628726]
[34.22678862 27.60638211 59.7597561  29.73902439 72.8195122 ]
[34.26448633 27.30181079 60.73503326 29.96452328 70.46563193]
[34.43164925 27.85382307 57.66260163 28.7398374  70.45325203]
[33.18381131 27.07801304 58.09849906 28.93996248 68.52345216]
[34.30317322 28.09247553 57.8858885  29.08101045 70.99477352]
[34.21951994 27.66354626 57.44796748 29.00894309 72.43414634]
MINIMIZED at 26
----------------------------------






 PREDICTING RESOURCE USAGES NOW
--------------------------------------
num_estimators = 6
THE X TEST DATA IS:
      H   T  S   B   L  H*T*S  H*L
154   3   9  8   4  16    216   48
153   3   9  8   2  16    216   48
162   5   9  8   4  16    360   80
8     3  12  8  16  16    288   48
98    5   9  3  16  16    135   80
119   7   9  8  16  16    504  112
5     3   9  8  16  16    216   48
129   9   9  2  16  16    162  144
25    5  11  8  16  16    440   80
3     3   7  8  16  16    168   48
124   8   9  5  16  16    360  128
165   6   9  8   2  16    432   96
34    6  11  8  16  16    528   96
21    5   7  8  16  16    280   80
100   5   9  5  16  16    225   80
121   8   9  2  16  16    144  128
118   7   9  7  16  16    441  112
167   6   9  8   8  16    432   96
192   3   9  8  16  24    216   72
1     3   5  8  16  16    120   48
73   11   5  8  16  16    440  176
90    4   9  3  16  16    108   64
110   6   9  7  16  16    378   96
116   7   9  5  16  16    315  112
226   3   8  6  16  10    144   30
0     3   4  8  16  16     96   48
240  10   8  6  16  10    480  100
47    8   6  8  16  16    384  128
169   7   9  8   2  16    504  112
239  10   8  6  16  10    480  100
227   4   8  6  16  10    192   40
213   9   9  8  16  12    648  108
178   9   9  8   4  16    648  144
140  10   9  5  16  16    450  160
222  11   9  8  16  16    792  176
179   9   9  8   8  16    648  144
74   11   6  8  16  16    528  176
142  10   9  7  16  16    630  160
148  11   9  5  16  16    495  176
139  10   9  4  16  16    360  160
212   8   9  8  16  24    576  192




THE Y TEST DATA IS:
     kLUT   kFF   DSP
154   404   475   820
153   402   475   820
162   579   669  1364
8     488   557   820
98    270   305   514
119   784   869  1908
5     416   478   820
129   289   320   616
25    681   763  1364
3     368   423   820
124   533   570  1364
165   665   767  1636
34    789   876  1636
21    520   586  1364
100   384   425   854
121   272   303   548
118   672   740  1670
167   675   770  1636
192   420   478   820
1     319   370   820
73    802   875  2996
90    242   279   412
110   596   661  1432
116   484   522  1194
226   304   355   616
0     271   323   724
240   694   762  2044
47    683   757  2180
169   751   864  1908
239   696   762  2044
227   359   412   820
213  1213  1206  2452
178  1194  1201  2452
140   786   771  1704
222  1450  1431  2996
179  1204  1205  2452
74    887   972  2996
142  1123  1119  2384
148   847   829  1874
139   629   625  1364
212  1109  1091  2180


TRAINING DATA STATISTICS:
     #points = 159
     min     = kLUT    185
kFF     226
DSP     208
dtype: int64
     max     = kLUT    1801
kFF     1726
DSP     3064
dtype: int64
     mean    = kLUT     663.169811
kFF      714.364780
DSP     1561.157233
dtype: float64
     var     = kLUT     98068.116551
kFF      86879.878752
DSP     458478.348539
dtype: float64


TESTING DATA STATISTICS:
     #points = 41
     min     = kLUT    242
kFF     279
DSP     412
dtype: int64
     max     = kLUT    1450
kFF     1431
DSP     2996
dtype: int64
     mean    = kLUT     640.341463
kFF      688.804878
DSP     1498.487805
dtype: float64
     var     = kLUT     92407.730488
kFF      84723.160976
DSP     546609.756098
dtype: float64






 Y-value shapes:
(159, 3)
(41, 3)
(41, 3)



 THE FAILED TESTS (>5%) ARE:
      H   T  S   B   L  ...  Actual 1      Diff 1  Predicted 2  Actual 2      Diff 2
154   3   9  8   4  16  ...       475    2.000000   820.000000       820    0.000000
153   3   9  8   2  16  ...       475    2.000000   820.000000       820    0.000000
162   5   9  8   4  16  ...       669    1.500000  1364.000000      1364    0.000000
8     3  12  8  16  16  ...       557   21.000000  1001.333333       820  181.333333
98    5   9  3  16  16  ...       305   27.500000   565.000000       514   51.000000
119   7   9  8  16  16  ...       869    0.000000  1908.000000      1908    0.000000
5     3   9  8  16  16  ...       478    1.000000   820.000000       820    0.000000
129   9   9  2  16  16  ...       320   41.666667   684.000000       616   68.000000
25    5  11  8  16  16  ...       763   12.222222  1556.666667      1364  192.666667
3     3   7  8  16  16  ...       423    5.000000   956.000000       820  136.000000
124   8   9  5  16  16  ...       570   92.277778  1602.000000      1364  238.000000
165   6   9  8   2  16  ...       767    2.194444  1636.000000      1636    0.000000
34    6  11  8  16  16  ...       876   32.000000  1896.666667      1636  260.666667
21    5   7  8  16  16  ...       586   10.333333  1341.333333      1364   22.666667
100   5   9  5  16  16  ...       425    8.333333   899.333333       854   45.333333
121   8   9  2  16  16  ...       303   23.833333   593.333333       548   45.333333
118   7   9  7  16  16  ...       740    2.250000  1626.000000      1670   44.000000
167   6   9  8   8  16  ...       770    0.805556  1636.000000      1636    0.000000
192   3   9  8  16  24  ...       478    8.166667   820.000000       820    0.000000
1     3   5  8  16  16  ...       370   18.166667   730.666667       820   89.333333
73   11   5  8  16  16  ...       875   56.833333  2534.666667      2996  461.333333
90    4   9  3  16  16  ...       279    9.000000   378.000000       412   34.000000
110   6   9  7  16  16  ...       661   12.500000  1411.333333      1432   20.666667
116   7   9  5  16  16  ...       522   68.166667  1286.333333      1194   92.333333
226   3   8  6  16  10  ...       355   31.666667   684.000000       616   68.000000
0     3   4  8  16  16  ...       323    7.666667   664.000000       724   60.000000
240  10   8  6  16  10  ...       762   41.833333  2032.666667      2044   11.333333
47    8   6  8  16  16  ...       757   37.666667  2134.666667      2180   45.333333
169   7   9  8   2  16  ...       864    1.666667  1908.000000      1908    0.000000
239  10   8  6  16  10  ...       762   41.833333  2032.666667      2044   11.333333
227   4   8  6  16  10  ...       412    3.333333   804.000000       820   16.000000
213   9   9  8  16  12  ...      1206    4.666667  2406.666667      2452   45.333333
178   9   9  8   4  16  ...      1201    4.666667  2452.000000      2452    0.000000
140  10   9  5  16  16  ...       771   51.666667  1732.333333      1704   28.333333
222  11   9  8  16  16  ...      1431  112.833333  2780.666667      2996  215.333333
179   9   9  8   8  16  ...      1205    0.666667  2452.000000      2452    0.000000
74   11   6  8  16  16  ...       972   88.500000  2429.333333      2996  566.666667
142  10   9  7  16  16  ...      1119   36.666667  2429.333333      2384   45.333333
148  11   9  5  16  16  ...       829   16.666667  1910.666667      1874   36.666667
139  10   9  4  16  16  ...       625   33.611111  1596.333333      1364  232.333333
212   8   9  8  16  24  ...      1091   45.033333  2174.333333      2180    5.666667

[41 rows x 16 columns]
RESOURCE EST model: column 0 Mean absolute Error: 28.99674796747967
RESOURCE EST model: column 1 Mean absolute Error: 24.863279132791334
RESOURCE EST model: column 2 Mean absolute Error: 82.20325203252035
RESOURCE EST model: number of tests : 41
RESOURCE EST model: MAX Error column 0: 126.33333333333337
RESOURCE EST model: MAX Error column 1: 112.83333333333326
RESOURCE EST model: MAX Error column 2: 566.6666666666665
--------------------------------------
num_estimators = 8


 Y-value shapes:
(159, 3)
(41, 3)
(41, 3)



 THE FAILED TESTS (>5%) ARE:
      H   T  S   B   L  ...  Actual 1      Diff 1  Predicted 2  Actual 2  Diff 2
154   3   9  8   4  16  ...       475    2.000000       820.00       820    0.00
153   3   9  8   2  16  ...       475    2.000000       820.00       820    0.00
162   5   9  8   4  16  ...       669    1.875000      1364.00      1364    0.00
8     3  12  8  16  16  ...       557   24.750000      1024.00       820  204.00
98    5   9  3  16  16  ...       305   19.000000       543.75       514   29.75
119   7   9  8  16  16  ...       869    0.000000      1908.00      1908    0.00
5     3   9  8  16  16  ...       478    1.000000       820.00       820    0.00
129   9   9  2  16  16  ...       320   33.000000       658.50       616   42.50
25    5  11  8  16  16  ...       763   17.916667      1576.50      1364  212.50
3     3   7  8  16  16  ...       423    5.875000       896.50       820   76.50
124   8   9  5  16  16  ...       570   82.083333      1572.25      1364  208.25
165   6   9  8   2  16  ...       767    1.645833      1636.00      1636    0.00
34    6  11  8  16  16  ...       876   30.000000      1882.50      1636  246.50
21    5   7  8  16  16  ...       586   23.625000      1449.00      1364   85.00
100   5   9  5  16  16  ...       425    4.750000       892.25       854   38.25
121   8   9  2  16  16  ...       303   23.125000       582.00       548   34.00
118   7   9  7  16  16  ...       740    3.937500      1634.50      1670   35.50
167   6   9  8   8  16  ...       770    1.354167      1636.00      1636    0.00
192   3   9  8  16  24  ...       478   11.750000       820.00       820    0.00
1     3   5  8  16  16  ...       370   15.875000       736.00       820   84.00
73   11   5  8  16  16  ...       875   53.000000      2572.00      2996  424.00
90    4   9  3  16  16  ...       279    4.500000       386.50       412   25.50
110   6   9  7  16  16  ...       661   12.375000      1408.00      1432   24.00
116   7   9  5  16  16  ...       522   56.250000      1267.50      1194   73.50
226   3   8  6  16  10  ...       355   23.750000       667.00       616   51.00
0     3   4  8  16  16  ...       323    7.000000       670.00       724   54.00
240  10   8  6  16  10  ...       762   31.125000      2035.50      2044    8.50
47    8   6  8  16  16  ...       757   46.250000      2112.00      2180   68.00
169   7   9  8   2  16  ...       864    1.625000      1908.00      1908    0.00
239  10   8  6  16  10  ...       762   31.125000      2035.50      2044    8.50
227   4   8  6  16  10  ...       412    4.500000       796.00       820   24.00
213   9   9  8  16  12  ...      1206    1.000000      2435.00      2452   17.00
178   9   9  8   4  16  ...      1201    8.500000      2418.00      2452   34.00
140  10   9  5  16  16  ...       771   66.250000      1721.00      1704   17.00
222  11   9  8  16  16  ...      1431  101.500000      2766.50      2996  229.50
179   9   9  8   8  16  ...      1205    4.500000      2418.00      2452   34.00
74   11   6  8  16  16  ...       972   82.375000      2435.00      2996  561.00
142  10   9  7  16  16  ...      1119   38.875000      2405.25      2384   21.25
148  11   9  5  16  16  ...       829    1.750000      1901.50      1874   27.50
139  10   9  4  16  16  ...       625    9.958333      1529.75      1364  165.75
212   8   9  8  16  24  ...      1091   50.775000      2167.25      2180   12.75

[41 rows x 16 columns]
RESOURCE EST model: column 0 Mean absolute Error: 28.97571138211382
RESOURCE EST model: column 1 Mean absolute Error: 22.98892276422764
RESOURCE EST model: column 2 Mean absolute Error: 77.5
RESOURCE EST model: number of tests : 41
RESOURCE EST model: MAX Error column 0: 138.5
RESOURCE EST model: MAX Error column 1: 101.5
RESOURCE EST model: MAX Error column 2: 561.0
--------------------------------------
num_estimators = 10


 Y-value shapes:
(159, 3)
(41, 3)
(41, 3)



 THE FAILED TESTS (>5%) ARE:
      H   T  S   B   L  ...  Actual 1      Diff 1  Predicted 2  Actual 2  Diff 2
154   3   9  8   4  16  ...       475    2.000000        820.0       820     0.0
153   3   9  8   2  16  ...       475    2.000000        820.0       820     0.0
162   5   9  8   4  16  ...       669    2.000000       1364.0      1364     0.0
8     3  12  8  16  16  ...       557   27.000000       1037.6       820   217.6
98    5   9  3  16  16  ...       305   13.900000        531.0       514    17.0
119   7   9  8  16  16  ...       869    0.000000       1908.0      1908     0.0
5     3   9  8  16  16  ...       478    1.000000        820.0       820     0.0
129   9   9  2  16  16  ...       320   32.500000        650.0       616    34.0
25    5  11  8  16  16  ...       763   47.033333       1588.4      1364   224.4
3     3   7  8  16  16  ...       423   10.100000        850.6       820    30.6
124   8   9  5  16  16  ...       570   82.766667       1564.6      1364   200.6
165   6   9  8   2  16  ...       767    1.316667       1636.0      1636     0.0
34    6  11  8  16  16  ...       876   44.800000       1860.4      1636   224.4
21    5   7  8  16  16  ...       586   25.900000       1432.0      1364    68.0
100   5   9  5  16  16  ...       425    9.000000        905.0       854    51.0
121   8   9  2  16  16  ...       303   27.400000        582.0       548    34.0
118   7   9  7  16  16  ...       740    5.750000       1644.4      1670    25.6
167   6   9  8   8  16  ...       770    1.683333       1636.0      1636     0.0
192   3   9  8  16  24  ...       478    9.600000        820.0       820     0.0
1     3   5  8  16  16  ...       370   14.500000        739.2       820    80.8
73   11   5  8  16  16  ...       875   55.200000       2602.4      2996   393.6
90    4   9  3  16  16  ...       279    8.000000        371.2       412    40.8
110   6   9  7  16  16  ...       661   12.500000       1414.0      1432    18.0
116   7   9  5  16  16  ...       522   55.700000       1257.2      1194    63.2
226   3   8  6  16  10  ...       355   17.800000        646.6       616    30.6
0     3   4  8  16  16  ...       323   11.300000        697.6       724    26.4
240  10   8  6  16  10  ...       762   17.900000       1996.4      2044    47.6
47    8   6  8  16  16  ...       757   37.300000       2125.6      2180    54.4
169   7   9  8   2  16  ...       864    1.700000       1908.0      1908     0.0
239  10   8  6  16  10  ...       762   17.900000       1996.4      2044    47.6
227   4   8  6  16  10  ...       412    2.200000        800.8       820    19.2
213   9   9  8  16  12  ...      1206    3.800000       2411.2      2452    40.8
178   9   9  8   4  16  ...      1201    7.800000       2424.8      2452    27.2
140  10   9  5  16  16  ...       771   66.600000       1744.8      1704    40.8
222  11   9  8  16  16  ...      1431  114.400000       2747.8      2996   248.2
179   9   9  8   8  16  ...      1205    3.800000       2424.8      2452    27.2
74   11   6  8  16  16  ...       972   88.400000       2465.6      2996   530.4
142  10   9  7  16  16  ...      1119   59.700000       2356.8      2384    27.2
148  11   9  5  16  16  ...       829    4.300000       1909.6      1874    35.6
139  10   9  4  16  16  ...       625   15.666667       1551.0      1364   187.0
212   8   9  8  16  24  ...      1091   44.420000       2169.8      2180    10.2

[41 rows x 16 columns]
RESOURCE EST model: column 0 Mean absolute Error: 30.639512195121952
RESOURCE EST model: column 1 Mean absolute Error: 24.55211382113821
RESOURCE EST model: column 2 Mean absolute Error: 76.19512195121949
RESOURCE EST model: number of tests : 41
RESOURCE EST model: MAX Error column 0: 140.39999999999998
RESOURCE EST model: MAX Error column 1: 114.40000000000009
RESOURCE EST model: MAX Error column 2: 530.4000000000001
--------------------------------------
num_estimators = 12


 Y-value shapes:
(159, 3)
(41, 3)
(41, 3)



 THE FAILED TESTS (>5%) ARE:
      H   T  S   B   L  ...  Actual 1     Diff 1  Predicted 2  Actual 2      Diff 2
154   3   9  8   4  16  ...       475   2.000000   820.000000       820    0.000000
153   3   9  8   2  16  ...       475   2.000000   820.000000       820    0.000000
162   5   9  8   4  16  ...       669   1.833333  1364.000000      1364    0.000000
8     3  12  8  16  16  ...       557  25.500000  1046.666667       820  226.666667
98    5   9  3  16  16  ...       305  15.250000   528.166667       514   14.166667
119   7   9  8  16  16  ...       869   0.000000  1908.000000      1908    0.000000
5     3   9  8  16  16  ...       478   1.000000   820.000000       820    0.000000
129   9   9  2  16  16  ...       320  32.166667   644.333333       616   28.333333
25    5  11  8  16  16  ...       763  45.027778  1596.333333      1364  232.333333
3     3   7  8  16  16  ...       423  12.916667   820.000000       820    0.000000
124   8   9  5  16  16  ...       570  79.694444  1559.500000      1364  195.500000
165   6   9  8   2  16  ...       767   1.097222  1636.000000      1636    0.000000
34    6  11  8  16  16  ...       876  55.916667  1868.333333      1636  232.333333
21    5   7  8  16  16  ...       586  19.750000  1375.333333      1364   11.333333
100   5   9  5  16  16  ...       425   5.916667   890.833333       854   36.833333
121   8   9  2  16  16  ...       303  27.083333   579.166667       548   31.166667
118   7   9  7  16  16  ...       740   8.541667  1647.000000      1670   23.000000
167   6   9  8   8  16  ...       770   1.902778  1636.000000      1636    0.000000
192   3   9  8  16  24  ...       478  11.750000   820.000000       820    0.000000
1     3   5  8  16  16  ...       370  19.083333   730.666667       820   89.333333
73   11   5  8  16  16  ...       875  56.666667  2622.666667      2996  373.333333
90    4   9  3  16  16  ...       279   8.916667   372.333333       412   39.666667
110   6   9  7  16  16  ...       661  12.583333  1418.000000      1432   14.000000
116   7   9  5  16  16  ...       522  55.333333  1250.333333      1194   56.333333
226   3   8  6  16  10  ...       355  12.500000   633.000000       616   17.000000
0     3   4  8  16  16  ...       323  10.250000   696.000000       724   28.000000
240  10   8  6  16  10  ...       762   9.250000  1957.333333      2044   86.666667
47    8   6  8  16  16  ...       757  39.250000  2112.000000      2180   68.000000
169   7   9  8   2  16  ...       864   1.750000  1908.000000      1908    0.000000
239  10   8  6  16  10  ...       762   9.250000  1957.333333      2044   86.666667
227   4   8  6  16  10  ...       412   3.166667   796.000000       820   24.000000
213   9   9  8  16  12  ...      1206   1.500000  2429.333333      2452   22.666667
178   9   9  8   4  16  ...      1201   7.333333  2429.333333      2452   22.666667
140  10   9  5  16  16  ...       771  64.166667  1743.666667      1704   39.666667
222  11   9  8  16  16  ...      1431  99.166667  2743.833333      2996  252.166667
179   9   9  8   8  16  ...      1205   3.333333  2429.333333      2452   22.666667
74   11   6  8  16  16  ...       972  83.500000  2439.333333      2996  556.666667
142  10   9  7  16  16  ...      1119  64.166667  2324.500000      2384   59.500000
148  11   9  5  16  16  ...       829  16.250000  1869.666667      1874    4.333333
139  10   9  4  16  16  ...       625  14.611111  1548.166667      1364  184.166667
212   8   9  8  16  24  ...      1091  58.183333  2175.833333      2180    4.166667

[41 rows x 16 columns]
RESOURCE EST model: column 0 Mean absolute Error: 30.638211382113816
RESOURCE EST model: column 1 Mean absolute Error: 24.37947154471545
RESOURCE EST model: column 2 Mean absolute Error: 75.20325203252031
RESOURCE EST model: number of tests : 41
RESOURCE EST model: MAX Error column 0: 138.58333333333337
RESOURCE EST model: MAX Error column 1: 99.16666666666674
RESOURCE EST model: MAX Error column 2: 556.6666666666665
--------------------------------------
num_estimators = 14


 Y-value shapes:
(159, 3)
(41, 3)
(41, 3)



 THE FAILED TESTS (>5%) ARE:
      H   T  S   B   L  ...  Actual 1      Diff 1  Predicted 2  Actual 2      Diff 2
154   3   9  8   4  16  ...       475    2.000000   820.000000       820    0.000000
153   3   9  8   2  16  ...       475    2.000000   820.000000       820    0.000000
162   5   9  8   4  16  ...       669    1.928571  1364.000000      1364    0.000000
8     3  12  8  16  16  ...       557   24.428571  1053.142857       820  233.142857
98    5   9  3  16  16  ...       305   10.500000   521.285714       514    7.285714
119   7   9  8  16  16  ...       869    0.428571  1908.000000      1908    0.000000
5     3   9  8  16  16  ...       478    1.000000   820.000000       820    0.000000
129   9   9  2  16  16  ...       320   30.642857   647.571429       616   31.571429
25    5  11  8  16  16  ...       763   39.848810  1602.000000      1364  238.000000
3     3   7  8  16  16  ...       423   16.571429   805.428571       820   14.571429
124   8   9  5  16  16  ...       570   77.095238  1563.142857      1364  199.142857
165   6   9  8   2  16  ...       767    0.940476  1636.000000      1636    0.000000
34    6  11  8  16  16  ...       876   51.357143  1874.000000      1636  238.000000
21    5   7  8  16  16  ...       586   18.071429  1373.714286      1364    9.714286
100   5   9  5  16  16  ...       425   11.214286   909.857143       854   55.857143
121   8   9  2  16  16  ...       303   24.000000   574.714286       548   26.714286
118   7   9  7  16  16  ...       740    9.178571  1652.285714      1670   17.714286
167   6   9  8   8  16  ...       770    2.059524  1636.000000      1636    0.000000
192   3   9  8  16  24  ...       478   13.285714   820.000000       820    0.000000
1     3   5  8  16  16  ...       370   14.214286   756.285714       820   63.714286
73   11   5  8  16  16  ...       875   57.714286  2637.142857      2996  358.857143
90    4   9  3  16  16  ...       279    6.357143   378.000000       412   34.000000
110   6   9  7  16  16  ...       661   12.642857  1420.857143      1432   11.142857
116   7   9  5  16  16  ...       522   54.428571  1244.714286      1194   50.714286
226   3   8  6  16  10  ...       355   13.785714   645.142857       616   29.142857
0     3   4  8  16  16  ...       323   17.642857   726.571429       724    2.571429
240  10   8  6  16  10  ...       762   16.071429  1998.857143      2044   45.142857
47    8   6  8  16  16  ...       757   39.285714  2121.714286      2180   58.285714
169   7   9  8   2  16  ...       864    1.357143  1908.000000      1908    0.000000
239  10   8  6  16  10  ...       762   16.071429  1998.857143      2044   45.142857
227   4   8  6  16  10  ...       412    0.142857   784.857143       820   35.142857
213   9   9  8  16  12  ...      1206    9.357143  2452.000000      2452    0.000000
178   9   9  8   4  16  ...      1201   14.642857  2452.000000      2452    0.000000
140  10   9  5  16  16  ...       771   59.428571  1796.285714      1704   92.285714
222  11   9  8  16  16  ...      1431  101.000000  2741.000000      2996  255.000000
179   9   9  8   8  16  ...      1205   10.642857  2452.000000      2452    0.000000
74   11   6  8  16  16  ...       972   81.000000  2412.000000      2996  584.000000
142  10   9  7  16  16  ...      1119   61.857143  2313.571429      2384   70.428571
148  11   9  5  16  16  ...       829   17.714286  1855.714286      1874   18.285714
139  10   9  4  16  16  ...       625   17.023810  1551.000000      1364  187.000000
212   8   9  8  16  24  ...      1091   58.371429  2172.857143      2180    7.142857

[41 rows x 16 columns]
RESOURCE EST model: column 0 Mean absolute Error: 30.314111498257848
RESOURCE EST model: column 1 Mean absolute Error: 24.812282229965156
RESOURCE EST model: column 2 Mean absolute Error: 73.65156794425086
RESOURCE EST model: number of tests : 41
RESOURCE EST model: MAX Error column 0: 129.8571428571429
RESOURCE EST model: MAX Error column 1: 101.0
RESOURCE EST model: MAX Error column 2: 584.0
--------------------------------------
num_estimators = 16


 Y-value shapes:
(159, 3)
(41, 3)
(41, 3)



 THE FAILED TESTS (>5%) ARE:
      H   T  S   B   L  ...  Actual 1      Diff 1  Predicted 2  Actual 2   Diff 2
154   3   9  8   4  16  ...       475    2.000000      820.000       820    0.000
153   3   9  8   2  16  ...       475    2.000000      820.000       820    0.000
162   5   9  8   4  16  ...       669    2.125000     1364.000      1364    0.000
8     3  12  8  16  16  ...       557   23.625000     1058.000       820  238.000
98    5   9  3  16  16  ...       305   13.500000      528.875       514   14.875
119   7   9  8  16  16  ...       869    0.375000     1908.000      1908    0.000
5     3   9  8  16  16  ...       478    1.000000      820.000       820    0.000
129   9   9  2  16  16  ...       320   29.250000      639.375       616   23.375
25    5  11  8  16  16  ...       763   39.930208     1599.875      1364  235.875
3     3   7  8  16  16  ...       423   10.937500      824.250       820    4.250
124   8   9  5  16  16  ...       570   75.458333     1559.500      1364  195.500
165   6   9  8   2  16  ...       767    1.110417     1636.000      1636    0.000
34    6  11  8  16  16  ...       876   51.812500     1878.250      1636  242.250
21    5   7  8  16  16  ...       586   16.812500     1372.500      1364    8.500
100   5   9  5  16  16  ...       425   10.937500      898.625       854   44.625
121   8   9  2  16  16  ...       303   25.562500      575.625       548   27.625
118   7   9  7  16  16  ...       740    6.697917     1650.250      1670   19.750
167   6   9  8   8  16  ...       770    1.889583     1636.000      1636    0.000
192   3   9  8  16  24  ...       478   11.750000      820.000       820    0.000
1     3   5  8  16  16  ...       370   13.562500      755.750       820   64.250
73   11   5  8  16  16  ...       875   55.687500     2643.000      2996  353.000
90    4   9  3  16  16  ...       279    4.437500      382.250       412   29.750
110   6   9  7  16  16  ...       661   15.687500     1422.250      1432    9.750
116   7   9  5  16  16  ...       522   50.187500     1240.500      1194   46.500
226   3   8  6  16  10  ...       355   12.062500      641.500       616   25.500
0     3   4  8  16  16  ...       323    5.312500      670.250       724   53.750
240  10   8  6  16  10  ...       762    6.687500     1979.000      2044   65.000
47    8   6  8  16  16  ...       757   34.437500     2112.000      2180   68.000
169   7   9  8   2  16  ...       864    1.375000     1908.000      1908    0.000
239  10   8  6  16  10  ...       762    6.687500     1979.000      2044   65.000
227   4   8  6  16  10  ...       412    4.500000      796.000       820   24.000
213   9   9  8  16  12  ...      1206   10.000000     2435.000      2452   17.000
178   9   9  8   4  16  ...      1201   13.375000     2452.000      2452    0.000
140  10   9  5  16  16  ...       771   65.750000     1782.625      1704   78.625
222  11   9  8  16  16  ...      1431  102.375000     2738.875      2996  257.125
179   9   9  8   8  16  ...      1205    9.375000     2452.000      2452    0.000
74   11   6  8  16  16  ...       972   87.687500     2416.250      2996  579.750
142  10   9  7  16  16  ...      1119   45.562500     2324.500      2384   59.500
148  11   9  5  16  16  ...       829    0.562500     1870.750      1874    3.250
139  10   9  4  16  16  ...       625   17.583333     1540.375      1364  176.375
212   8   9  8  16  24  ...      1091   58.700000     2173.750      2180    6.250

[41 rows x 16 columns]
RESOURCE EST model: column 0 Mean absolute Error: 28.354623983739845
RESOURCE EST model: column 1 Mean absolute Error: 23.13097052845528
RESOURCE EST model: column 2 Mean absolute Error: 74.07317073170732
RESOURCE EST model: number of tests : 41
RESOURCE EST model: MAX Error column 0: 135.5
RESOURCE EST model: MAX Error column 1: 102.375
RESOURCE EST model: MAX Error column 2: 579.75
--------------------------------------
num_estimators = 18


 Y-value shapes:
(159, 3)
(41, 3)
(41, 3)



 THE FAILED TESTS (>5%) ARE:
      H   T  S   B   L  ...  Actual 1      Diff 1  Predicted 2  Actual 2      Diff 2
154   3   9  8   4  16  ...       475    2.000000   820.000000       820    0.000000
153   3   9  8   2  16  ...       475    2.000000   820.000000       820    0.000000
162   5   9  8   4  16  ...       669    2.166667  1364.000000      1364    0.000000
8     3  12  8  16  16  ...       557   25.000000  1061.777778       820  241.777778
98    5   9  3  16  16  ...       305   12.111111   523.444444       514    9.444444
119   7   9  8  16  16  ...       869    0.333333  1908.000000      1908    0.000000
5     3   9  8  16  16  ...       478    1.000000   820.000000       820    0.000000
129   9   9  2  16  16  ...       320   30.222222   640.555556       616   24.555556
25    5  11  8  16  16  ...       763   32.660185  1615.222222      1364  251.222222
3     3   7  8  16  16  ...       423   12.500000   823.777778       820    3.777778
124   8   9  5  16  16  ...       570   75.351852  1568.000000      1364  204.000000
165   6   9  8   2  16  ...       767    1.227778  1636.000000      1636    0.000000
34    6  11  8  16  16  ...       876   55.888889  1862.666667      1636  226.666667
21    5   7  8  16  16  ...       586   19.888889  1386.666667      1364   22.666667
100   5   9  5  16  16  ...       425   18.833333   913.000000       854   59.000000
121   8   9  2  16  16  ...       303   28.500000   580.111111       548   32.111111
118   7   9  7  16  16  ...       740    3.731481  1651.333333      1670   18.666667
167   6   9  8   8  16  ...       770    1.772222  1636.000000      1636    0.000000
192   3   9  8  16  24  ...       478    9.000000   835.111111       820   15.111111
1     3   5  8  16  16  ...       370   11.944444   767.222222       820   52.777778
73   11   5  8  16  16  ...       875   55.555556  2636.888889      2996  359.111111
90    4   9  3  16  16  ...       279    3.000000   389.333333       412   22.666667
110   6   9  7  16  16  ...       661   15.388889  1424.000000      1432    8.000000
116   7   9  5  16  16  ...       522   50.055556  1237.222222      1194   43.222222
226   3   8  6  16  10  ...       355   11.555556   644.333333       616   28.333333
0     3   4  8  16  16  ...       323    6.222222   681.777778       724   42.222222
240  10   8  6  16  10  ...       762    4.944444  1974.888889      2044   69.111111
47    8   6  8  16  16  ...       757   31.666667  2149.777778      2180   30.222222
169   7   9  8   2  16  ...       864    1.111111  1908.000000      1908    0.000000
239  10   8  6  16  10  ...       762    4.944444  1974.888889      2044   69.111111
227   4   8  6  16  10  ...       412    5.277778   798.666667       820   21.333333
213   9   9  8  16  12  ...      1206    6.555556  2421.777778      2452   30.222222
178   9   9  8   4  16  ...      1201   10.111111  2436.888889      2452   15.111111
140  10   9  5  16  16  ...       771   64.222222  1777.666667      1704   73.666667
222  11   9  8  16  16  ...      1431  103.444444  2737.222222      2996  258.777778
179   9   9  8   8  16  ...      1205    6.111111  2436.888889      2452   15.111111
74   11   6  8  16  16  ...       972   90.000000  2408.888889      2996  587.111111
142  10   9  7  16  16  ...      1119   48.166667  2300.888889      2384   83.111111
148  11   9  5  16  16  ...       829    4.500000  1871.111111      1874    2.888889
139  10   9  4  16  16  ...       625   17.796296  1551.000000      1364  187.000000
212   8   9  8  16  24  ...      1091   60.677778  2166.888889      2180   13.111111

[41 rows x 16 columns]
RESOURCE EST model: column 0 Mean absolute Error: 28.276942186088533
RESOURCE EST model: column 1 Mean absolute Error: 23.108288166214987
RESOURCE EST model: column 2 Mean absolute Error: 76.12737127371277
RESOURCE EST model: number of tests : 41
RESOURCE EST model: MAX Error column 0: 134.83333333333337
RESOURCE EST model: MAX Error column 1: 103.44444444444434
RESOURCE EST model: MAX Error column 2: 587.1111111111113
--------------------------------------
num_estimators = 20


 Y-value shapes:
(159, 3)
(41, 3)
(41, 3)



 THE FAILED TESTS (>5%) ARE:
      H   T  S   B   L  ...  Actual 1     Diff 1  Predicted 2  Actual 2  Diff 2
154   3   9  8   4  16  ...       475   2.000000        820.0       820     0.0
153   3   9  8   2  16  ...       475   2.000000        820.0       820     0.0
162   5   9  8   4  16  ...       669   2.050000       1364.0      1364     0.0
8     3  12  8  16  16  ...       557  24.300000       1064.8       820   244.8
98    5   9  3  16  16  ...       305  12.950000        524.2       514    10.2
119   7   9  8  16  16  ...       869   0.300000       1908.0      1908     0.0
5     3   9  8  16  16  ...       478   1.000000        820.0       820     0.0
129   9   9  2  16  16  ...       320  27.900000        634.7       616    18.7
25    5  11  8  16  16  ...       763  25.744167       1590.1      1364   226.1
3     3   7  8  16  16  ...       423  14.850000        816.6       820     3.4
124   8   9  5  16  16  ...       570  75.666667       1551.0      1364   187.0
165   6   9  8   2  16  ...       767   1.305000       1636.0      1636     0.0
34    6  11  8  16  16  ...       876  52.700000       1867.2      1636   231.2
21    5   7  8  16  16  ...       586  21.400000       1384.4      1364    20.4
100   5   9  5  16  16  ...       425  23.250000        927.5       854    73.5
121   8   9  2  16  16  ...       303  28.050000        580.3       548    32.3
118   7   9  7  16  16  ...       740   6.508333       1649.8      1670    20.2
167   6   9  8   8  16  ...       770   1.695000       1636.0      1636     0.0
192   3   9  8  16  24  ...       478   8.550000        847.2       820    27.2
1     3   5  8  16  16  ...       370  11.500000        757.2       820    62.8
73   11   5  8  16  16  ...       875  54.150000       2641.6      2996   354.4
90    4   9  3  16  16  ...       279   1.800000        391.6       412    20.4
110   6   9  7  16  16  ...       661  12.750000       1426.0      1432     6.0
116   7   9  5  16  16  ...       522  45.250000       1227.8      1194    33.8
226   3   8  6  16  10  ...       355   9.000000        636.4       616    20.4
0     3   4  8  16  16  ...       323   4.500000        665.0       724    59.0
240  10   8  6  16  10  ...       762   1.450000       1961.4      2044    82.6
47    8   6  8  16  16  ...       757  42.100000       2126.4      2180    53.6
169   7   9  8   2  16  ...       864   0.900000       1908.0      1908     0.0
239  10   8  6  16  10  ...       762   1.450000       1961.4      2044    82.6
227   4   8  6  16  10  ...       412   5.250000        795.7       820    24.3
213   9   9  8  16  12  ...      1206   5.900000       2424.8      2452    27.2
178   9   9  8   4  16  ...      1201   9.600000       2438.4      2452    13.6
140  10   9  5  16  16  ...       771  63.000000       1773.7      1704    69.7
222  11   9  8  16  16  ...      1431  99.850000       2735.9      2996   260.1
179   9   9  8   8  16  ...      1205   5.600000       2438.4      2452    13.6
74   11   6  8  16  16  ...       972  91.850000       2403.0      2996   593.0
142  10   9  7  16  16  ...      1119  54.250000       2295.6      2384    88.4
148  11   9  5  16  16  ...       829   5.500000       1878.2      1874     4.2
139  10   9  4  16  16  ...       625  20.616667       1539.1      1364   175.1
212   8   9  8  16  24  ...      1091  67.010000       2168.2      2180    11.8

[41 rows x 16 columns]
RESOURCE EST model: column 0 Mean absolute Error: 28.078699186991877
RESOURCE EST model: column 1 Mean absolute Error: 23.060873983739828
RESOURCE EST model: column 2 Mean absolute Error: 76.8682926829268
RESOURCE EST model: number of tests : 41
RESOURCE EST model: MAX Error column 0: 134.29999999999995
RESOURCE EST model: MAX Error column 1: 99.84999999999991
RESOURCE EST model: MAX Error column 2: 593.0
--------------------------------------
num_estimators = 22


 Y-value shapes:
(159, 3)
(41, 3)
(41, 3)



 THE FAILED TESTS (>5%) ARE:
      H   T  S   B   L  ...  Actual 1      Diff 1  Predicted 2  Actual 2      Diff 2
154   3   9  8   4  16  ...       475    2.000000   820.000000       820    0.000000
153   3   9  8   2  16  ...       475    2.000000   820.000000       820    0.000000
162   5   9  8   4  16  ...       669    2.090909  1364.000000      1364    0.000000
8     3  12  8  16  16  ...       557   21.681818  1054.909091       820  234.909091
98    5   9  3  16  16  ...       305   13.636364   524.818182       514   10.818182
119   7   9  8  16  16  ...       869    0.272727  1908.000000      1908    0.000000
5     3   9  8  16  16  ...       478    1.000000   820.000000       820    0.000000
129   9   9  2  16  16  ...       320   29.636364   646.909091       616   30.909091
25    5  11  8  16  16  ...       763   21.767424  1581.909091      1364  217.909091
3     3   7  8  16  16  ...       423   12.500000   841.636364       820   21.636364
124   8   9  5  16  16  ...       570   73.242424  1549.454545      1364  185.454545
165   6   9  8   2  16  ...       767    1.368182  1636.000000      1636    0.000000
34    6  11  8  16  16  ...       876   43.181818  1846.181818      1636  210.181818
21    5   7  8  16  16  ...       586   22.636364  1382.545455      1364   18.545455
100   5   9  5  16  16  ...       425   28.409091   942.454545       854   88.454545
121   8   9  2  16  16  ...       303   28.727273   588.181818       548   40.181818
118   7   9  7  16  16  ...       740    4.098485  1650.727273      1670   19.272727
167   6   9  8   8  16  ...       770    1.631818  1636.000000      1636    0.000000
192   3   9  8  16  24  ...       478    7.863636   844.727273       820   24.727273
1     3   5  8  16  16  ...       370    9.272727   769.454545       820   50.545455
73   11   5  8  16  16  ...       875   53.000000  2645.454545      2996  350.545455
90    4   9  3  16  16  ...       279    0.136364   399.636364       412   12.363636
110   6   9  7  16  16  ...       661    6.090909  1436.363636      1432    4.363636
116   7   9  5  16  16  ...       522   44.727273  1241.727273      1194   47.727273
226   3   8  6  16  10  ...       355    6.909091   629.909091       616   13.909091
0     3   4  8  16  16  ...       323    9.545455   685.636364       724   38.363636
240  10   8  6  16  10  ...       762    1.409091  1968.909091      2044   75.090909
47    8   6  8  16  16  ...       757   38.272727  2143.636364      2180   36.363636
169   7   9  8   2  16  ...       864    1.000000  1908.000000      1908    0.000000
239  10   8  6  16  10  ...       762    1.409091  1968.909091      2044   75.090909
227   4   8  6  16  10  ...       412    5.227273   793.272727       820   26.727273
213   9   9  8  16  12  ...      1206    5.318182  2427.272727      2452   24.727273
178   9   9  8   4  16  ...      1201    9.136364  2439.636364      2452   12.363636
140  10   9  5  16  16  ...       771   67.272727  1765.818182      1704   61.818182
222  11   9  8  16  16  ...      1431  110.772727  2725.545455      2996  270.454545
179   9   9  8   8  16  ...      1205    5.136364  2439.636364      2452   12.363636
74   11   6  8  16  16  ...       972   96.090909  2428.545455      2996  567.454545
142  10   9  7  16  16  ...      1119   72.454545  2309.090909      2384   74.909091
148  11   9  5  16  16  ...       829   10.272727  1860.818182      1874   13.181818
139  10   9  4  16  16  ...       625    9.651515  1512.363636      1364  148.363636
212   8   9  8  16  24  ...      1091   74.418182  2168.545455      2180   11.454545

[41 rows x 16 columns]
RESOURCE EST model: column 0 Mean absolute Error: 29.675388026607557
RESOURCE EST model: column 1 Mean absolute Error: 23.299242424242422
RESOURCE EST model: column 2 Mean absolute Error: 73.93126385809313
RESOURCE EST model: number of tests : 41
RESOURCE EST model: MAX Error column 0: 138.0
RESOURCE EST model: MAX Error column 1: 110.77272727272725
RESOURCE EST model: MAX Error column 2: 567.4545454545455
--------------------------------------
num_estimators = 24


 Y-value shapes:
(159, 3)
(41, 3)
(41, 3)



 THE FAILED TESTS (>5%) ARE:
      H   T  S   B   L  ...  Actual 1      Diff 1  Predicted 2  Actual 2      Diff 2
154   3   9  8   4  16  ...       475    2.000000   820.000000       820    0.000000
153   3   9  8   2  16  ...       475    2.000000   820.000000       820    0.000000
162   5   9  8   4  16  ...       669    2.000000  1364.000000      1364    0.000000
8     3  12  8  16  16  ...       557   21.375000  1058.000000       820  238.000000
98    5   9  3  16  16  ...       305   10.000000   512.583333       514    1.416667
119   7   9  8  16  16  ...       869    0.250000  1908.000000      1908    0.000000
5     3   9  8  16  16  ...       478    1.000000   820.000000       820    0.000000
129   9   9  2  16  16  ...       320   30.333333   647.166667       616   31.166667
25    5  11  8  16  16  ...       763   20.685615  1586.416667      1364  222.416667
3     3   7  8  16  16  ...       423   13.541667   839.833333       820   19.833333
124   8   9  5  16  16  ...       570   73.680556  1536.833333      1364  172.833333
165   6   9  8   2  16  ...       767    1.254167  1636.000000      1636    0.000000
34    6  11  8  16  16  ...       876   50.208333  1861.250000      1636  225.250000
21    5   7  8  16  16  ...       586   23.000000  1403.666667      1364   39.666667
100   5   9  5  16  16  ...       425   23.708333   932.250000       854   78.250000
121   8   9  2  16  16  ...       303   28.333333   587.666667       548   39.666667
118   7   9  7  16  16  ...       740    5.173611  1672.166667      1670    2.166667
167   6   9  8   8  16  ...       770    1.745833  1636.000000      1636    0.000000
192   3   9  8  16  24  ...       478    7.291667   842.666667       820   22.666667
1     3   5  8  16  16  ...       370    7.416667   779.666667       820   40.333333
73   11   5  8  16  16  ...       875   52.041667  2648.666667      2996  347.333333
90    4   9  3  16  16  ...       279    2.333333   392.166667       412   19.833333
110   6   9  7  16  16  ...       661    2.517857  1444.500000      1432   12.500000
116   7   9  5  16  16  ...       522   46.291667  1238.166667      1194   44.166667
226   3   8  6  16  10  ...       355    9.083333   633.000000       616   17.000000
0     3   4  8  16  16  ...       323   13.750000   702.833333       724   21.166667
240  10   8  6  16  10  ...       762    5.541667  1978.000000      2044   66.000000
47    8   6  8  16  16  ...       757   35.791667  2158.000000      2180   22.000000
169   7   9  8   2  16  ...       864    1.083333  1908.000000      1908    0.000000
239  10   8  6  16  10  ...       762    5.541667  1978.000000      2044   66.000000
227   4   8  6  16  10  ...       412    4.875000   795.500000       820   24.500000
213   9   9  8  16  12  ...      1206    4.875000  2429.333333      2452   22.666667
178   9   9  8   4  16  ...      1201    8.791667  2440.666667      2452   11.333333
140  10   9  5  16  16  ...       771   62.833333  1777.666667      1704   73.666667
222  11   9  8  16  16  ...      1431  115.375000  2721.166667      2996  274.833333
179   9   9  8   8  16  ...      1205    4.791667  2440.666667      2452   11.333333
74   11   6  8  16  16  ...       972   95.166667  2426.500000      2996  569.500000
142  10   9  7  16  16  ...      1119   75.500000  2304.000000      2384   80.000000
148  11   9  5  16  16  ...       829    8.208333  1867.583333      1874    6.416667
139  10   9  4  16  16  ...       625   10.805556  1502.833333      1364  138.833333
212   8   9  8  16  24  ...      1091   75.925000  2169.500000      2180   10.500000

[41 rows x 16 columns]
RESOURCE EST model: column 0 Mean absolute Error: 29.816023035230355
RESOURCE EST model: column 1 Mean absolute Error: 23.563939701897013
RESOURCE EST model: column 2 Mean absolute Error: 72.51829268292683
RESOURCE EST model: number of tests : 41
RESOURCE EST model: MAX Error column 0: 135.2888888888889
RESOURCE EST model: MAX Error column 1: 115.375
RESOURCE EST model: MAX Error column 2: 569.5
--------------------------------------
num_estimators = 26


 Y-value shapes:
(159, 3)
(41, 3)
(41, 3)



 THE FAILED TESTS (>5%) ARE:
      H   T  S   B   L  ...  Actual 1      Diff 1  Predicted 2  Actual 2      Diff 2
154   3   9  8   4  16  ...       475    2.000000   820.000000       820    0.000000
153   3   9  8   2  16  ...       475    2.000000   820.000000       820    0.000000
162   5   9  8   4  16  ...       669    1.923077  1364.000000      1364    0.000000
8     3  12  8  16  16  ...       557   21.115385  1060.615385       820  240.615385
98    5   9  3  16  16  ...       305   10.923077   512.692308       514    1.307692
119   7   9  8  16  16  ...       869    0.230769  1908.000000      1908    0.000000
5     3   9  8  16  16  ...       478    1.000000   820.000000       820    0.000000
129   9   9  2  16  16  ...       320   31.923077   644.769231       616   28.769231
25    5  11  8  16  16  ...       763   15.632875  1569.307692      1364  205.307692
3     3   7  8  16  16  ...       423   12.692308   840.923077       820   20.923077
124   8   9  5  16  16  ...       570   73.705128  1535.307692      1364  171.307692
165   6   9  8   2  16  ...       767    1.311538  1636.000000      1636    0.000000
34    6  11  8  16  16  ...       876   48.192308  1864.846154      1636  228.846154
21    5   7  8  16  16  ...       586   21.846154  1400.615385      1364   36.615385
100   5   9  5  16  16  ...       425   24.000000   931.461538       854   77.461538
121   8   9  2  16  16  ...       303   29.576923   587.230769       548   39.230769
118   7   9  7  16  16  ...       740   10.967949  1679.846154      1670    9.846154
167   6   9  8   8  16  ...       770    1.688462  1636.000000      1636    0.000000
192   3   9  8  16  24  ...       478    6.807692   840.923077       820   20.923077
1     3   5  8  16  16  ...       370    5.192308   803.076923       820   16.923077
73   11   5  8  16  16  ...       875   50.500000  2640.923077      2996  355.076923
90    4   9  3  16  16  ...       279    1.461538   393.692308       412   18.307692
110   6   9  7  16  16  ...       661    1.554945  1443.538462      1432   11.538462
116   7   9  5  16  16  ...       522   42.115385  1232.153846      1194   38.153846
226   3   8  6  16  10  ...       355    7.192308   629.076923       616   13.076923
0     3   4  8  16  16  ...       323   14.884615   710.923077       724   13.076923
240  10   8  6  16  10  ...       762    8.807692  1970.000000      2044   74.000000
47    8   6  8  16  16  ...       757   39.115385  2131.384615      2180   48.615385
169   7   9  8   2  16  ...       864    0.923077  1908.000000      1908    0.000000
239  10   8  6  16  10  ...       762    8.807692  1970.000000      2044   74.000000
227   4   8  6  16  10  ...       412    5.115385   793.692308       820   26.307692
213   9   9  8  16  12  ...      1206    4.692308  2437.615385      2452   14.384615
178   9   9  8   4  16  ...      1201    8.692308  2448.076923      2452    3.923077
140  10   9  5  16  16  ...       771   64.615385  1770.692308      1704   66.692308
222  11   9  8  16  16  ...      1431  108.269231  2721.384615      2996  274.615385
179   9   9  8   8  16  ...      1205    4.692308  2448.076923      2452    3.923077
74   11   6  8  16  16  ...       972   95.884615  2418.000000      2996  578.000000
142  10   9  7  16  16  ...      1119   73.884615  2310.846154      2384   73.153846
148  11   9  5  16  16  ...       829   10.884615  1868.076923      1874    5.923077
139  10   9  4  16  16  ...       625   11.435897  1503.923077      1364  139.923077
212   8   9  8  16  24  ...      1091   76.661538  2169.692308      2180   10.307692

[41 rows x 16 columns]
RESOURCE EST model: column 0 Mean absolute Error: 29.49171357098187
RESOURCE EST model: column 1 Mean absolute Error: 23.485850531582226
RESOURCE EST model: column 2 Mean absolute Error: 71.73358348968107
RESOURCE EST model: number of tests : 41
RESOURCE EST model: MAX Error column 0: 136.26666666666665
RESOURCE EST model: MAX Error column 1: 108.26923076923072
RESOURCE EST model: MAX Error column 2: 578.0
--------------------------------------
num_estimators = 28


 Y-value shapes:
(159, 3)
(41, 3)
(41, 3)



 THE FAILED TESTS (>5%) ARE:
      H   T  S   B   L  ...  Actual 1      Diff 1  Predicted 2  Actual 2      Diff 2
154   3   9  8   4  16  ...       475    2.000000   820.000000       820    0.000000
153   3   9  8   2  16  ...       475    2.000000   820.000000       820    0.000000
162   5   9  8   4  16  ...       669    1.964286  1364.000000      1364    0.000000
8     3  12  8  16  16  ...       557   22.178571  1062.857143       820  242.857143
98    5   9  3  16  16  ...       305   11.607143   514.000000       514    0.000000
119   7   9  8  16  16  ...       869    0.214286  1908.000000      1908    0.000000
5     3   9  8  16  16  ...       478    1.000000   820.000000       820    0.000000
129   9   9  2  16  16  ...       320   30.357143   642.714286       616   26.714286
25    5  11  8  16  16  ...       763   13.623384  1560.714286      1364  196.714286
3     3   7  8  16  16  ...       423   11.000000   849.142857       820   29.142857
124   8   9  5  16  16  ...       570   73.033333  1535.214286      1364  171.214286
165   6   9  8   2  16  ...       767    1.375000  1636.000000      1636    0.000000
34    6  11  8  16  16  ...       876   53.357143  1875.214286      1636  239.214286
21    5   7  8  16  16  ...       586   22.214286  1417.428571      1364   53.428571
100   5   9  5  16  16  ...       425   25.571429   938.071429       854   84.071429
121   8   9  2  16  16  ...       303   29.178571   586.857143       548   38.857143
118   7   9  7  16  16  ...       740   10.005952  1684.000000      1670   14.000000
167   6   9  8   8  16  ...       770    1.625000  1636.000000      1636    0.000000
192   3   9  8  16  24  ...       478    6.392857   839.428571       820   19.428571
1     3   5  8  16  16  ...       370    5.357143   793.357143       820   26.642857
73   11   5  8  16  16  ...       875   51.464286  2646.857143      2996  349.142857
90    4   9  3  16  16  ...       279    1.785714   395.000000       412   17.000000
110   6   9  7  16  16  ...       661    0.586735  1437.857143      1432    5.857143
116   7   9  5  16  16  ...       522   38.678571  1228.214286      1194   34.214286
226   3   8  6  16  10  ...       355    4.571429   622.071429       616    6.071429
0     3   4  8  16  16  ...       323   13.535714   699.285714       724   24.714286
240  10   8  6  16  10  ...       762    8.178571  1963.142857      2044   80.857143
47    8   6  8  16  16  ...       757   41.964286  2108.571429      2180   71.428571
169   7   9  8   2  16  ...       864    0.964286  1908.000000      1908    0.000000
239  10   8  6  16  10  ...       762    8.178571  1963.142857      2044   80.857143
227   4   8  6  16  10  ...       412    3.500000   790.714286       820   29.285714
213   9   9  8  16  12  ...      1206    5.428571  2428.928571      2452   23.071429
178   9   9  8   4  16  ...      1201    8.428571  2448.357143      2452    3.642857
140  10   9  5  16  16  ...       771   66.142857  1764.714286      1704   60.714286
222  11   9  8  16  16  ...      1431  108.535714  2721.571429      2996  274.428571
179   9   9  8   8  16  ...      1205    4.428571  2448.357143      2452    3.642857
74   11   6  8  16  16  ...       972   93.428571  2422.857143      2996  573.142857
142  10   9  7  16  16  ...      1119   72.035714  2306.357143      2384   77.642857
148  11   9  5  16  16  ...       829   13.178571  1868.500000      1874    5.500000
139  10   9  4  16  16  ...       625   11.283333  1506.071429      1364  142.071429
212   8   9  8  16  24  ...      1091   73.292857  2170.428571      2180    9.571429

[41 rows x 16 columns]
RESOURCE EST model: column 0 Mean absolute Error: 29.340824622531937
RESOURCE EST model: column 1 Mean absolute Error: 23.259683507549333
RESOURCE EST model: column 2 Mean absolute Error: 73.54006968641119
RESOURCE EST model: number of tests : 41
RESOURCE EST model: MAX Error column 0: 136.92857142857144
RESOURCE EST model: MAX Error column 1: 108.53571428571422
RESOURCE EST model: MAX Error column 2: 573.1428571428573
--------------------------------------
num_estimators = 30


 Y-value shapes:
(159, 3)
(41, 3)
(41, 3)



 THE FAILED TESTS (>5%) ARE:
      H   T  S   B   L  ...  Actual 1      Diff 1  Predicted 2  Actual 2      Diff 2
154   3   9  8   4  16  ...       475    2.000000   820.000000       820    0.000000
153   3   9  8   2  16  ...       475    2.000000   820.000000       820    0.000000
162   5   9  8   4  16  ...       669    1.900000  1364.000000      1364    0.000000
8     3  12  8  16  16  ...       557   23.100000  1064.800000       820  244.800000
98    5   9  3  16  16  ...       305    9.666667   509.466667       514    4.533333
119   7   9  8  16  16  ...       869    0.200000  1908.000000      1908    0.000000
5     3   9  8  16  16  ...       478    1.000000   820.000000       820    0.000000
129   9   9  2  16  16  ...       320   30.366667   640.933333       616   24.933333
25    5  11  8  16  16  ...       763   13.681825  1562.333333      1364  198.333333
3     3   7  8  16  16  ...       423    7.133333   865.333333       820   45.333333
124   8   9  5  16  16  ...       570   68.447778  1528.333333      1364  164.333333
165   6   9  8   2  16  ...       767    1.566667  1636.000000      1636    0.000000
34    6  11  8  16  16  ...       876   59.566667  1883.066667      1636  247.066667
21    5   7  8  16  16  ...       586   24.333333  1432.000000      1364   68.000000
100   5   9  5  16  16  ...       425   23.233333   930.200000       854   76.200000
121   8   9  2  16  16  ...       303   26.166667   579.733333       548   31.733333
118   7   9  7  16  16  ...       740    6.338889  1687.600000      1670   17.600000
167   6   9  8   8  16  ...       770    1.433333  1636.000000      1636    0.000000
192   3   9  8  16  24  ...       478    6.033333   838.133333       820   18.133333
1     3   5  8  16  16  ...       370    3.100000   794.000000       820   26.000000
73   11   5  8  16  16  ...       875   50.166667  2640.266667      2996  355.733333
90    4   9  3  16  16  ...       279    1.066667   396.133333       412   15.866667
110   6   9  7  16  16  ...       661    1.414286  1437.866667      1432    5.866667
116   7   9  5  16  16  ...       522   35.566667  1223.666667      1194   29.666667
226   3   8  6  16  10  ...       355    2.033333   614.866667       616    1.133333
0     3   4  8  16  16  ...       323   15.366667   700.533333       724   23.466667
240  10   8  6  16  10  ...       762    3.700000  1954.933333      2044   89.066667
47    8   6  8  16  16  ...       757   43.900000  2095.200000      2180   84.800000
169   7   9  8   2  16  ...       864    1.033333  1908.000000      1908    0.000000
239  10   8  6  16  10  ...       762    3.700000  1954.933333      2044   89.066667
227   4   8  6  16  10  ...       412    3.333333   792.666667       820   27.333333
213   9   9  8  16  12  ...      1206    5.033333  2430.466667      2452   21.533333
178   9   9  8   4  16  ...      1201    8.166667  2448.600000      2452    3.400000
140  10   9  5  16  16  ...       771   69.066667  1759.533333      1704   55.533333
222  11   9  8  16  16  ...      1431  112.366667  2718.333333      2996  277.666667
179   9   9  8   8  16  ...      1205    4.166667  2448.600000      2452    3.400000
74   11   6  8  16  16  ...       972   86.700000  2415.733333      2996  580.266667
142  10   9  7  16  16  ...      1119   66.666667  2311.533333      2384   72.466667
148  11   9  5  16  16  ...       829   13.533333  1868.866667      1874    5.133333
139  10   9  4  16  16  ...       625    7.964444  1496.600000      1364  132.600000
212   8   9  8  16  24  ...      1091   71.773333  2171.066667      2180    8.933333

[41 rows x 16 columns]
RESOURCE EST model: column 0 Mean absolute Error: 28.802113821138207
RESOURCE EST model: column 1 Mean absolute Error: 22.389932249322495
RESOURCE EST model: column 2 Mean absolute Error: 74.38861788617885
RESOURCE EST model: number of tests : 41
RESOURCE EST model: MAX Error column 0: 139.4666666666667
RESOURCE EST model: MAX Error column 1: 112.36666666666656
RESOURCE EST model: MAX Error column 2: 580.2666666666669
[28.99674797 24.86327913 82.20325203]
[28.97571138 22.98892276 77.5       ]
[30.6395122  24.55211382 76.19512195]
[30.63821138 24.37947154 75.20325203]
[30.3141115  24.81228223 73.65156794]
[28.35462398 23.13097053 74.07317073]
[28.27694219 23.10828817 76.12737127]
[28.07869919 23.06087398 76.86829268]
[29.67538803 23.29924242 73.93126386]
[29.81602304 23.5639397  72.51829268]
[29.49171357 23.48585053 71.73358349]
[29.34082462 23.25968351 73.54006969]
[28.80211382 22.38993225 74.38861789]
MINIMIZED at 26
----------------------------------






 PREDICTING RESOURCE USAGES NOW
--------------------------------------
num_estimators = 6
THE X TEST DATA IS:
      H   T  S   B   L  H*T*S  H*L
154   3   9  8   4  16    216   48
153   3   9  8   2  16    216   48
162   5   9  8   4  16    360   80
8     3  12  8  16  16    288   48
98    5   9  3  16  16    135   80
119   7   9  8  16  16    504  112
5     3   9  8  16  16    216   48
129   9   9  2  16  16    162  144
25    5  11  8  16  16    440   80
3     3   7  8  16  16    168   48
124   8   9  5  16  16    360  128
165   6   9  8   2  16    432   96
34    6  11  8  16  16    528   96
21    5   7  8  16  16    280   80
100   5   9  5  16  16    225   80
121   8   9  2  16  16    144  128
118   7   9  7  16  16    441  112
167   6   9  8   8  16    432   96
192   3   9  8  16  24    216   72
1     3   5  8  16  16    120   48
73   11   5  8  16  16    440  176
90    4   9  3  16  16    108   64
110   6   9  7  16  16    378   96
116   7   9  5  16  16    315  112
226   3   8  6  16  10    144   30
0     3   4  8  16  16     96   48
240  10   8  6  16  10    480  100
47    8   6  8  16  16    384  128
169   7   9  8   2  16    504  112
239  10   8  6  16  10    480  100
227   4   8  6  16  10    192   40
213   9   9  8  16  12    648  108
178   9   9  8   4  16    648  144
140  10   9  5  16  16    450  160
222  11   9  8  16  16    792  176
179   9   9  8   8  16    648  144
74   11   6  8  16  16    528  176
142  10   9  7  16  16    630  160
148  11   9  5  16  16    495  176
139  10   9  4  16  16    360  160
212   8   9  8  16  24    576  192




THE Y TEST DATA IS:
     BRAM  URAM
154   532   168
153   532   168
162   749   280
8     454   180
98    749   280
119   964   392
5     532   168
129  1179   504
25    649   270
3     415   180
124  1070   448
165   857   336
34    736   324
21    554   300
100   747   280
121  1070   448
118   962   392
167   857   336
192   682   231
1     492   156
73   1252   572
90    640   224
110   857   336
116   964   392
226   430    90
0     556   144
240   949   300
47    840   440
169   962   392
239   949   300
227   503   120
213   947   378
178  1181   504
140  1286   560
222  1396   616
179  1179   504
74   1076   605
142  1288   560
148  1394   616
139  1286   560
212  1472   616


TRAINING DATA STATISTICS:
     #points = 159
     min     = BRAM    430
URAM     90
dtype: int64
     max     = BRAM    1631
URAM     693
dtype: int64
     mean    = BRAM    885.025157
URAM    348.018868
dtype: float64
     var     = BRAM    70500.543667
URAM    18383.854072
dtype: float64


TESTING DATA STATISTICS:
     #points = 41
     min     = BRAM    415
URAM     90
dtype: int64
     max     = BRAM    1472
URAM     616
dtype: int64
     mean    = BRAM    882.658537
URAM    357.804878
dtype: float64
     var     = BRAM    90756.830488
URAM    24508.010976
dtype: float64






 Y-value shapes:
(159, 2)
(41, 2)
(41, 2)



 THE FAILED TESTS (>5%) ARE:
      H   T  S   B   L  ...  Actual 0      Diff 0  Predicted 1  Actual 1     Diff 1
154   3   9  8   4  16  ...       532    0.000000   168.000000       168   0.000000
153   3   9  8   2  16  ...       532    0.000000   168.000000       168   0.000000
162   5   9  8   4  16  ...       749    0.333333   280.000000       280   0.000000
8     3  12  8  16  16  ...       454   27.000000   164.000000       180  16.000000
98    5   9  3  16  16  ...       749    0.333333   280.000000       280   0.000000
119   7   9  8  16  16  ...       964    0.000000   392.000000       392   0.000000
5     3   9  8  16  16  ...       532    0.000000   168.000000       168   0.000000
129   9   9  2  16  16  ...      1179    0.000000   504.000000       504   0.000000
25    5  11  8  16  16  ...       649   50.333333   280.000000       270  10.000000
3     3   7  8  16  16  ...       415   63.666667   162.000000       180  18.000000
124   8   9  5  16  16  ...      1070    0.000000   448.000000       448   0.000000
165   6   9  8   2  16  ...       857    0.000000   336.000000       336   0.000000
34    6  11  8  16  16  ...       736   71.833333   340.000000       324  16.000000
21    5   7  8  16  16  ...       554  208.666667   250.000000       300  50.000000
100   5   9  5  16  16  ...       747    0.000000   280.000000       280   0.000000
121   8   9  2  16  16  ...      1070    0.000000   448.000000       448   0.000000
118   7   9  7  16  16  ...       962    0.666667   392.000000       392   0.000000
167   6   9  8   8  16  ...       857    0.000000   336.000000       336   0.000000
192   3   9  8  16  24  ...       682   22.000000   252.000000       231  21.000000
1     3   5  8  16  16  ...       492   13.666667   162.000000       156   6.000000
73   11   5  8  16  16  ...      1252  186.833333   572.000000       572   0.000000
90    4   9  3  16  16  ...       640    1.333333   224.000000       224   0.000000
110   6   9  7  16  16  ...       857    1.666667   336.000000       336   0.000000
116   7   9  5  16  16  ...       964    2.000000   392.000000       392   0.000000
226   3   8  6  16  10  ...       430   37.000000   105.000000        90  15.000000
0     3   4  8  16  16  ...       556   77.666667   162.000000       144  18.000000
240  10   8  6  16  10  ...       949  101.666667   294.000000       300   6.000000
47    8   6  8  16  16  ...       840  129.166667   419.166667       440  20.833333
169   7   9  8   2  16  ...       962    0.333333   392.000000       392   0.000000
239  10   8  6  16  10  ...       949  101.666667   294.000000       300   6.000000
227   4   8  6  16  10  ...       503   11.333333   115.000000       120   5.000000
213   9   9  8  16  12  ...       947   26.333333   381.666667       378   3.666667
178   9   9  8   4  16  ...      1181   12.000000   492.000000       504  12.000000
140  10   9  5  16  16  ...      1286    4.333333   556.500000       560   3.500000
222  11   9  8  16  16  ...      1396   67.333333   616.000000       616   0.000000
179   9   9  8   8  16  ...      1179   14.000000   492.000000       504  12.000000
74   11   6  8  16  16  ...      1076  362.833333   572.000000       605  33.000000
142  10   9  7  16  16  ...      1288    2.666667   556.500000       560   3.500000
148  11   9  5  16  16  ...      1394    0.000000   616.000000       616   0.000000
139  10   9  4  16  16  ...      1286   13.333333   546.666667       560  13.333333
212   8   9  8  16  24  ...      1472   66.666667   654.500000       616  38.500000

[41 rows x 13 columns]
RESOURCE EST model: column 0 Mean absolute Error: 40.943089430894304
RESOURCE EST model: column 1 Mean absolute Error: 7.983739837398375
RESOURCE EST model: number of tests : 41
RESOURCE EST model: MAX Error column 0: 362.83333333333326
RESOURCE EST model: MAX Error column 1: 50.0
--------------------------------------
num_estimators = 8


 Y-value shapes:
(159, 2)
(41, 2)
(41, 2)



 THE FAILED TESTS (>5%) ARE:
      H   T  S   B   L  ...  Actual 0   Diff 0  Predicted 1  Actual 1  Diff 1
154   3   9  8   4  16  ...       532    0.000      168.000       168   0.000
153   3   9  8   2  16  ...       532    0.000      168.000       168   0.000
162   5   9  8   4  16  ...       749    0.250      280.000       280   0.000
8     3  12  8  16  16  ...       454   25.000      163.500       180  16.500
98    5   9  3  16  16  ...       749    0.750      280.000       280   0.000
119   7   9  8  16  16  ...       964    0.000      392.000       392   0.000
5     3   9  8  16  16  ...       532    0.000      168.000       168   0.000
129   9   9  2  16  16  ...      1179    0.000      504.000       504   0.000
25    5  11  8  16  16  ...       649   54.875      280.000       270  10.000
3     3   7  8  16  16  ...       415   69.250      160.125       180  19.875
124   8   9  5  16  16  ...      1070    0.375      448.000       448   0.000
165   6   9  8   2  16  ...       857    0.000      336.000       336   0.000
34    6  11  8  16  16  ...       736   55.500      342.000       324  18.000
21    5   7  8  16  16  ...       554  201.625      250.000       300  50.000
100   5   9  5  16  16  ...       747    0.000      280.000       280   0.000
121   8   9  2  16  16  ...      1070    0.375      448.000       448   0.000
118   7   9  7  16  16  ...       962    0.750      392.000       392   0.000
167   6   9  8   8  16  ...       857    0.000      336.000       336   0.000
192   3   9  8  16  24  ...       682   32.750      259.000       231  28.000
1     3   5  8  16  16  ...       492    8.000      160.125       156   4.125
73   11   5  8  16  16  ...      1252  186.750      572.000       572   0.000
90    4   9  3  16  16  ...       640    2.625      220.000       224   4.000
110   6   9  7  16  16  ...       857    1.500      336.000       336   0.000
116   7   9  5  16  16  ...       964    2.000      392.000       392   0.000
226   3   8  6  16  10  ...       430   27.750      101.250        90  11.250
0     3   4  8  16  16  ...       556   72.000      160.125       144  16.125
240  10   8  6  16  10  ...       949   95.250      288.000       300  12.000
47    8   6  8  16  16  ...       840  123.875      422.375       440  17.625
169   7   9  8   2  16  ...       962    0.250      392.000       392   0.000
239  10   8  6  16  10  ...       949   95.250      288.000       300  12.000
227   4   8  6  16  10  ...       503   12.875      125.250       120   5.250
213   9   9  8  16  12  ...       947   37.625      391.250       378  13.250
178   9   9  8   4  16  ...      1181    9.000      495.000       504   9.000
140  10   9  5  16  16  ...      1286    3.250      557.375       560   2.625
222  11   9  8  16  16  ...      1396   95.750      609.000       616   7.000
179   9   9  8   8  16  ...      1179   11.000      495.000       504   9.000
74   11   6  8  16  16  ...      1076  362.750      572.000       605  33.000
142  10   9  7  16  16  ...      1288    1.750      557.375       560   2.625
148  11   9  5  16  16  ...      1394    0.000      616.000       616   0.000
139  10   9  4  16  16  ...      1286   10.000      550.000       560  10.000
212   8   9  8  16  24  ...      1472   60.125      654.500       616  38.500

[41 rows x 13 columns]
RESOURCE EST model: column 0 Mean absolute Error: 40.50914634146341
RESOURCE EST model: column 1 Mean absolute Error: 8.53048780487805
RESOURCE EST model: number of tests : 41
RESOURCE EST model: MAX Error column 0: 362.75
RESOURCE EST model: MAX Error column 1: 50.0
--------------------------------------
num_estimators = 10


 Y-value shapes:
(159, 2)
(41, 2)
(41, 2)



 THE FAILED TESTS (>5%) ARE:
      H   T  S   B   L  ...  Actual 0  Diff 0  Predicted 1  Actual 1  Diff 1
154   3   9  8   4  16  ...       532     0.0        168.0       168     0.0
153   3   9  8   2  16  ...       532     0.0        168.0       168     0.0
162   5   9  8   4  16  ...       749     0.4        280.0       280     0.0
8     3  12  8  16  16  ...       454    26.2        163.8       180    16.2
98    5   9  3  16  16  ...       749     3.1        276.0       280     4.0
119   7   9  8  16  16  ...       964     0.0        392.0       392     0.0
5     3   9  8  16  16  ...       532     0.0        168.0       168     0.0
129   9   9  2  16  16  ...      1179     0.0        504.0       504     0.0
25    5  11  8  16  16  ...       649    63.5        280.0       270    10.0
3     3   7  8  16  16  ...       415    81.2        159.3       180    20.7
124   8   9  5  16  16  ...      1070     0.3        448.0       448     0.0
165   6   9  8   2  16  ...       857     0.0        336.0       336     0.0
34    6  11  8  16  16  ...       736    45.7        343.2       324    19.2
21    5   7  8  16  16  ...       554   197.4        250.0       300    50.0
100   5   9  5  16  16  ...       747     0.0        280.0       280     0.0
121   8   9  2  16  16  ...      1070     0.3        448.0       448     0.0
118   7   9  7  16  16  ...       962     0.6        392.0       392     0.0
167   6   9  8   8  16  ...       857     0.0        336.0       336     0.0
192   3   9  8  16  24  ...       682    33.5        257.6       231    26.6
1     3   5  8  16  16  ...       492     4.0        159.3       156     3.3
73   11   5  8  16  16  ...      1252   154.1        571.2       572     0.8
90    4   9  3  16  16  ...       640     1.7        220.8       224     3.2
110   6   9  7  16  16  ...       857     1.4        336.0       336     0.0
116   7   9  5  16  16  ...       964     2.0        392.0       392     0.0
226   3   8  6  16  10  ...       430    32.0        105.6        90    15.6
0     3   4  8  16  16  ...       556    60.0        159.3       144    15.3
240  10   8  6  16  10  ...       949    91.4        284.4       300    15.6
47    8   6  8  16  16  ...       840    83.1        433.9       440     6.1
169   7   9  8   2  16  ...       962     0.4        392.0       392     0.0
239  10   8  6  16  10  ...       949    91.4        284.4       300    15.6
227   4   8  6  16  10  ...       503     5.5        124.8       120     4.8
213   9   9  8  16  12  ...       947    33.5        391.4       378    13.4
178   9   9  8   4  16  ...      1181     7.2        496.8       504     7.2
140  10   9  5  16  16  ...      1286     2.6        557.9       560     2.1
222  11   9  8  16  16  ...      1396    90.2        610.4       616     5.6
179   9   9  8   8  16  ...      1179     9.2        496.8       504     7.2
74   11   6  8  16  16  ...      1076   330.1        571.2       605    33.8
142  10   9  7  16  16  ...      1288     1.0        557.9       560     2.1
148  11   9  5  16  16  ...      1394     0.2        616.0       616     0.0
139  10   9  4  16  16  ...      1286     8.0        552.0       560     8.0
212   8   9  8  16  24  ...      1472    43.0        654.5       616    38.5

[41 rows x 13 columns]
RESOURCE EST model: column 0 Mean absolute Error: 36.68780487804877
RESOURCE EST model: column 1 Mean absolute Error: 8.41219512195122
RESOURCE EST model: number of tests : 41
RESOURCE EST model: MAX Error column 0: 330.0999999999999
RESOURCE EST model: MAX Error column 1: 50.0
--------------------------------------
num_estimators = 12


 Y-value shapes:
(159, 2)
(41, 2)
(41, 2)



 THE FAILED TESTS (>5%) ARE:
      H   T  S   B   L  ...  Actual 0      Diff 0  Predicted 1  Actual 1     Diff 1
154   3   9  8   4  16  ...       532    0.000000   168.000000       168   0.000000
153   3   9  8   2  16  ...       532    0.000000   168.000000       168   0.000000
162   5   9  8   4  16  ...       749    0.333333   280.000000       280   0.000000
8     3  12  8  16  16  ...       454   25.000000   163.500000       180  16.500000
98    5   9  3  16  16  ...       749    2.416667   276.666667       280   3.333333
119   7   9  8  16  16  ...       964    0.000000   392.000000       392   0.000000
5     3   9  8  16  16  ...       532    0.000000   168.000000       168   0.000000
129   9   9  2  16  16  ...      1179    0.000000   504.000000       504   0.000000
25    5  11  8  16  16  ...       649   69.250000   280.000000       270  10.000000
3     3   7  8  16  16  ...       415   82.000000   158.500000       180  21.500000
124   8   9  5  16  16  ...      1070    0.500000   448.000000       448   0.000000
165   6   9  8   2  16  ...       857    0.000000   336.000000       336   0.000000
34    6  11  8  16  16  ...       736   46.083333   342.000000       324  18.000000
21    5   7  8  16  16  ...       554  203.166667   248.333333       300  51.666667
100   5   9  5  16  16  ...       747    0.000000   280.000000       280   0.000000
121   8   9  2  16  16  ...      1070    0.500000   448.000000       448   0.000000
118   7   9  7  16  16  ...       962    0.666667   392.000000       392   0.000000
167   6   9  8   8  16  ...       857    0.000000   336.000000       336   0.000000
192   3   9  8  16  24  ...       682   34.000000   256.666667       231  25.666667
1     3   5  8  16  16  ...       492    4.833333   158.500000       156   2.500000
73   11   5  8  16  16  ...      1252  112.666667   568.583333       572   3.416667
90    4   9  3  16  16  ...       640    1.083333   221.333333       224   2.666667
110   6   9  7  16  16  ...       857    1.333333   336.000000       336   0.000000
116   7   9  5  16  16  ...       964    2.000000   392.000000       392   0.000000
226   3   8  6  16  10  ...       430   37.166667   107.500000        90  17.500000
0     3   4  8  16  16  ...       556   59.166667   158.500000       144  14.500000
240  10   8  6  16  10  ...       949   88.833333   282.000000       300  18.000000
47    8   6  8  16  16  ...       840   90.583333   430.916667       440   9.083333
169   7   9  8   2  16  ...       962    0.500000   392.000000       392   0.000000
239  10   8  6  16  10  ...       949   88.833333   282.000000       300  18.000000
227   4   8  6  16  10  ...       503    9.083333   126.000000       120   6.000000
213   9   9  8  16  12  ...       947   30.750000   391.500000       378  13.500000
178   9   9  8   4  16  ...      1181    6.000000   498.000000       504   6.000000
140  10   9  5  16  16  ...      1286    8.583333   554.916667       560   5.083333
222  11   9  8  16  16  ...      1396  105.333333   606.666667       616   9.333333
179   9   9  8   8  16  ...      1179    8.000000   498.000000       504   6.000000
74   11   6  8  16  16  ...      1076  288.666667   568.583333       605  36.416667
142  10   9  7  16  16  ...      1288    0.500000   558.250000       560   1.750000
148  11   9  5  16  16  ...      1394    0.166667   616.000000       616   0.000000
139  10   9  4  16  16  ...      1286   13.333333   546.666667       560  13.333333
212   8   9  8  16  24  ...      1472   42.750000   654.500000       616  38.500000

[41 rows x 13 columns]
RESOURCE EST model: column 0 Mean absolute Error: 35.70934959349594
RESOURCE EST model: column 1 Mean absolute Error: 8.981707317073171
RESOURCE EST model: number of tests : 41
RESOURCE EST model: MAX Error column 0: 288.66666666666674
RESOURCE EST model: MAX Error column 1: 51.66666666666666
--------------------------------------
num_estimators = 14


 Y-value shapes:
(159, 2)
(41, 2)
(41, 2)



 THE FAILED TESTS (>5%) ARE:
      H   T  S   B   L  ...  Actual 0      Diff 0  Predicted 1  Actual 1     Diff 1
154   3   9  8   4  16  ...       532    0.000000   168.000000       168   0.000000
153   3   9  8   2  16  ...       532    0.000000   168.000000       168   0.000000
162   5   9  8   4  16  ...       749    0.428571   280.000000       280   0.000000
8     3  12  8  16  16  ...       454   24.142857   163.285714       180  16.714286
98    5   9  3  16  16  ...       749    2.071429   277.142857       280   2.857143
119   7   9  8  16  16  ...       964    0.142857   392.000000       392   0.000000
5     3   9  8  16  16  ...       532    0.000000   168.000000       168   0.000000
129   9   9  2  16  16  ...      1179    0.000000   504.000000       504   0.000000
25    5  11  8  16  16  ...       649   69.142857   280.000000       270  10.000000
3     3   7  8  16  16  ...       415   84.071429   158.357143       180  21.642857
124   8   9  5  16  16  ...      1070    4.785714   443.500000       448   4.500000
165   6   9  8   2  16  ...       857    0.000000   336.000000       336   0.000000
34    6  11  8  16  16  ...       736   46.357143   341.142857       324  17.142857
21    5   7  8  16  16  ...       554  207.285714   247.142857       300  52.857143
100   5   9  5  16  16  ...       747    0.000000   280.000000       280   0.000000
121   8   9  2  16  16  ...      1070    4.785714   443.500000       448   4.500000
118   7   9  7  16  16  ...       962    0.571429   392.000000       392   0.000000
167   6   9  8   8  16  ...       857    0.000000   336.000000       336   0.000000
192   3   9  8  16  24  ...       682   27.357143   254.000000       231  23.000000
1     3   5  8  16  16  ...       492    6.928571   158.357143       156   2.357143
73   11   5  8  16  16  ...      1252  129.571429   562.785714       572   9.214286
90    4   9  3  16  16  ...       640    0.642857   221.714286       224   2.285714
110   6   9  7  16  16  ...       857    1.428571   336.000000       336   0.000000
116   7   9  5  16  16  ...       964    2.000000   392.000000       392   0.000000
226   3   8  6  16  10  ...       430   33.571429   107.571429        90  17.571429
0     3   4  8  16  16  ...       556   57.071429   158.357143       144  14.357143
240  10   8  6  16  10  ...       949   87.000000   280.285714       300  19.714286
47    8   6  8  16  16  ...       840   81.071429   433.357143       440   6.642857
169   7   9  8   2  16  ...       962    0.428571   392.000000       392   0.000000
239  10   8  6  16  10  ...       949   87.000000   280.285714       300  19.714286
227   4   8  6  16  10  ...       503   13.142857   127.285714       120   7.285714
213   9   9  8  16  12  ...       947   22.714286   391.571429       378  13.571429
178   9   9  8   4  16  ...      1181    5.142857   498.857143       504   5.142857
140  10   9  5  16  16  ...      1286    7.357143   555.642857       560   4.357143
222  11   9  8  16  16  ...      1396   99.857143   600.142857       616  15.857143
179   9   9  8   8  16  ...      1179    7.142857   498.857143       504   5.142857
74   11   6  8  16  16  ...      1076  305.571429   562.785714       605  42.214286
142  10   9  7  16  16  ...      1288    0.142857   558.500000       560   1.500000
148  11   9  5  16  16  ...      1394    0.142857   616.000000       616   0.000000
139  10   9  4  16  16  ...      1286   11.428571   548.571429       560  11.428571
212   8   9  8  16  24  ...      1472   48.785714   648.214286       616  32.214286

[41 rows x 13 columns]
RESOURCE EST model: column 0 Mean absolute Error: 36.080139372822295
RESOURCE EST model: column 1 Mean absolute Error: 9.36062717770035
RESOURCE EST model: number of tests : 41
RESOURCE EST model: MAX Error column 0: 305.57142857142867
RESOURCE EST model: MAX Error column 1: 52.85714285714286
--------------------------------------
num_estimators = 16


 Y-value shapes:
(159, 2)
(41, 2)
(41, 2)



 THE FAILED TESTS (>5%) ARE:
      H   T  S   B   L  ...  Actual 0    Diff 0  Predicted 1  Actual 1   Diff 1
154   3   9  8   4  16  ...       532    0.0000     168.0000       168   0.0000
153   3   9  8   2  16  ...       532    0.0000     168.0000       168   0.0000
162   5   9  8   4  16  ...       749    0.5000     280.0000       280   0.0000
8     3  12  8  16  16  ...       454   23.5000     163.1250       180  16.8750
98    5   9  3  16  16  ...       749    1.8125     277.5000       280   2.5000
119   7   9  8  16  16  ...       964    0.1250     392.0000       392   0.0000
5     3   9  8  16  16  ...       532    0.0000     168.0000       168   0.0000
129   9   9  2  16  16  ...      1179    0.0000     504.0000       504   0.0000
25    5  11  8  16  16  ...       649   65.3750     280.0000       270  10.0000
3     3   7  8  16  16  ...       415   77.4375     159.1875       180  20.8125
124   8   9  5  16  16  ...      1070    4.1875     444.0625       448   3.9375
165   6   9  8   2  16  ...       857    0.0000     336.0000       336   0.0000
34    6  11  8  16  16  ...       736   46.5625     340.5000       324  16.5000
21    5   7  8  16  16  ...       554  207.9375     248.7500       300  51.2500
100   5   9  5  16  16  ...       747    0.1250     280.0000       280   0.0000
121   8   9  2  16  16  ...      1070    4.1875     444.0625       448   3.9375
118   7   9  7  16  16  ...       962    0.5000     392.0000       392   0.0000
167   6   9  8   8  16  ...       857    0.0000     336.0000       336   0.0000
192   3   9  8  16  24  ...       682   28.5000     253.7500       231  22.7500
1     3   5  8  16  16  ...       492    0.3125     159.1875       156   3.1875
73   11   5  8  16  16  ...      1252  121.8750     557.9375       572  14.0625
90    4   9  3  16  16  ...       640    0.3125     222.0000       224   2.0000
110   6   9  7  16  16  ...       857    1.5000     336.0000       336   0.0000
116   7   9  5  16  16  ...       964    2.0000     392.0000       392   0.0000
226   3   8  6  16  10  ...       430   29.3750     105.3750        90  15.3750
0     3   4  8  16  16  ...       556   63.6875     159.1875       144  15.1875
240  10   8  6  16  10  ...       949   85.6250     279.0000       300  21.0000
47    8   6  8  16  16  ...       840   97.3125     429.1875       440  10.8125
169   7   9  8   2  16  ...       962    0.3750     392.0000       392   0.0000
239  10   8  6  16  10  ...       949   85.6250     279.0000       300  21.0000
227   4   8  6  16  10  ...       503   11.7500     128.2500       120   8.2500
213   9   9  8  16  12  ...       947   23.1250     391.6250       378  13.6250
178   9   9  8   4  16  ...      1181    2.8750     497.2500       504   6.7500
140  10   9  5  16  16  ...      1286    6.4375     556.1875       560   3.8125
222  11   9  8  16  16  ...      1396   95.7500     602.1250       616  13.8750
179   9   9  8   8  16  ...      1179    0.8750     497.2500       504   6.7500
74   11   6  8  16  16  ...      1076  297.8750     557.9375       605  47.0625
142  10   9  7  16  16  ...      1288    0.1250     558.6875       560   1.3125
148  11   9  5  16  16  ...      1394    0.2500     616.0000       616   0.0000
139  10   9  4  16  16  ...      1286   10.0000     550.0000       560  10.0000
212   8   9  8  16  24  ...      1472   33.1875     644.1875       616  28.1875

[41 rows x 13 columns]
RESOURCE EST model: column 0 Mean absolute Error: 34.90243902439025
RESOURCE EST model: column 1 Mean absolute Error: 9.53201219512195
RESOURCE EST model: number of tests : 41
RESOURCE EST model: MAX Error column 0: 297.875
RESOURCE EST model: MAX Error column 1: 51.25
--------------------------------------
num_estimators = 18


 Y-value shapes:
(159, 2)
(41, 2)
(41, 2)



 THE FAILED TESTS (>5%) ARE:
      H   T  S   B   L  ...  Actual 0      Diff 0  Predicted 1  Actual 1     Diff 1
154   3   9  8   4  16  ...       532    0.000000   168.000000       168   0.000000
153   3   9  8   2  16  ...       532    0.000000   168.000000       168   0.000000
162   5   9  8   4  16  ...       749    0.555556   280.000000       280   0.000000
8     3  12  8  16  16  ...       454   26.722222   163.333333       180  16.666667
98    5   9  3  16  16  ...       749    1.500000   277.777778       280   2.222222
119   7   9  8  16  16  ...       964    0.111111   392.000000       392   0.000000
5     3   9  8  16  16  ...       532    0.000000   168.000000       168   0.000000
129   9   9  2  16  16  ...      1179    1.222222   501.666667       504   2.333333
25    5  11  8  16  16  ...       649   62.444444   280.000000       270  10.000000
3     3   7  8  16  16  ...       415   72.277778   159.833333       180  20.166667
124   8   9  5  16  16  ...      1070    3.722222   444.500000       448   3.500000
165   6   9  8   2  16  ...       857    0.000000   336.000000       336   0.000000
34    6  11  8  16  16  ...       736   46.722222   340.000000       324  16.000000
21    5   7  8  16  16  ...       554  210.611111   247.777778       300  52.222222
100   5   9  5  16  16  ...       747    0.111111   280.000000       280   0.000000
121   8   9  2  16  16  ...      1070    3.722222   444.500000       448   3.500000
118   7   9  7  16  16  ...       962    0.555556   392.000000       392   0.000000
167   6   9  8   8  16  ...       857    0.000000   336.000000       336   0.000000
192   3   9  8  16  24  ...       682   31.944444   255.111111       231  24.111111
1     3   5  8  16  16  ...       492    4.833333   159.833333       156   3.833333
73   11   5  8  16  16  ...      1252  129.166667   559.500000       572  12.500000
90    4   9  3  16  16  ...       640    0.055556   222.222222       224   1.777778
110   6   9  7  16  16  ...       857    1.555556   336.000000       336   0.000000
116   7   9  5  16  16  ...       964    2.000000   392.000000       392   0.000000
226   3   8  6  16  10  ...       430   35.777778   109.666667        90  19.666667
0     3   4  8  16  16  ...       556   68.833333   159.833333       144  15.833333
240  10   8  6  16  10  ...       949   84.555556   278.000000       300  22.000000
47    8   6  8  16  16  ...       840   89.166667   431.277778       440   8.722222
169   7   9  8   2  16  ...       962    0.333333   392.000000       392   0.000000
239  10   8  6  16  10  ...       949   84.555556   278.000000       300  22.000000
227   4   8  6  16  10  ...       503   12.000000   130.000000       120  10.000000
213   9   9  8  16  12  ...       947   25.555556   388.222222       378  10.222222
178   9   9  8   4  16  ...      1181    0.944444   493.333333       504  10.666667
140  10   9  5  16  16  ...      1286    5.722222   556.611111       560   3.388889
222  11   9  8  16  16  ...      1396   80.277778   598.777778       616  17.222222
179   9   9  8   8  16  ...      1179    2.944444   493.333333       504  10.666667
74   11   6  8  16  16  ...      1076  305.166667   559.500000       605  45.500000
142  10   9  7  16  16  ...      1288    0.333333   558.833333       560   1.166667
148  11   9  5  16  16  ...      1394    0.444444   616.000000       616   0.000000
139  10   9  4  16  16  ...      1286    8.888889   551.111111       560   8.888889
212   8   9  8  16  24  ...      1472   11.722222   632.500000       616  16.500000

[41 rows x 13 columns]
RESOURCE EST model: column 0 Mean absolute Error: 34.56233062330622
RESOURCE EST model: column 1 Mean absolute Error: 9.543360433604336
RESOURCE EST model: number of tests : 41
RESOURCE EST model: MAX Error column 0: 305.16666666666674
RESOURCE EST model: MAX Error column 1: 52.22222222222223
--------------------------------------
num_estimators = 20


 Y-value shapes:
(159, 2)
(41, 2)
(41, 2)



 THE FAILED TESTS (>5%) ARE:
      H   T  S   B   L  ...  Actual 0  Diff 0  Predicted 1  Actual 1  Diff 1
154   3   9  8   4  16  ...       532    0.00       168.00       168    0.00
153   3   9  8   2  16  ...       532    0.00       168.00       168    0.00
162   5   9  8   4  16  ...       749    0.50       280.00       280    0.00
8     3  12  8  16  16  ...       454   27.15       163.50       180   16.50
98    5   9  3  16  16  ...       749    1.25       278.00       280    2.00
119   7   9  8  16  16  ...       964    0.10       392.00       392    0.00
5     3   9  8  16  16  ...       532    0.00       168.00       168    0.00
129   9   9  2  16  16  ...      1179    1.10       501.90       504    2.10
25    5  11  8  16  16  ...       649   64.80       280.70       270   10.70
3     3   7  8  16  16  ...       415   68.15       160.35       180   19.65
124   8   9  5  16  16  ...      1070    3.35       444.85       448    3.15
165   6   9  8   2  16  ...       857    0.00       336.00       336    0.00
34    6  11  8  16  16  ...       736   42.70       340.80       324   16.80
21    5   7  8  16  16  ...       554  212.75       247.00       300   53.00
100   5   9  5  16  16  ...       747    0.10       280.00       280    0.00
121   8   9  2  16  16  ...      1070    3.35       444.85       448    3.15
118   7   9  7  16  16  ...       962    0.60       392.00       392    0.00
167   6   9  8   8  16  ...       857    0.00       336.00       336    0.00
192   3   9  8  16  24  ...       682   27.60       253.40       231   22.40
1     3   5  8  16  16  ...       492    8.95       160.35       156    4.35
73   11   5  8  16  16  ...      1252  139.35       556.35       572   15.65
90    4   9  3  16  16  ...       640    0.05       222.40       224    1.60
110   6   9  7  16  16  ...       857    1.60       336.00       336    0.00
116   7   9  5  16  16  ...       964    2.00       392.00       392    0.00
226   3   8  6  16  10  ...       430   38.50       110.40        90   20.40
0     3   4  8  16  16  ...       556   72.95       160.35       144   16.35
240  10   8  6  16  10  ...       949   76.35       280.20       300   19.80
47    8   6  8  16  16  ...       840  109.75       426.55       440   13.45
169   7   9  8   2  16  ...       962    0.30       392.00       392    0.00
239  10   8  6  16  10  ...       949   76.35       280.20       300   19.80
227   4   8  6  16  10  ...       503   13.50       130.20       120   10.20
213   9   9  8  16  12  ...       947   24.70       388.60       378   10.60
178   9   9  8   4  16  ...      1181    0.85       494.40       504    9.60
140  10   9  5  16  16  ...      1286    5.15       556.95       560    3.05
222  11   9  8  16  16  ...      1396   72.35       600.50       616   15.50
179   9   9  8   8  16  ...      1179    2.85       494.40       504    9.60
74   11   6  8  16  16  ...      1076  315.35       556.35       605   48.65
142  10   9  7  16  16  ...      1288    0.50       558.95       560    1.05
148  11   9  5  16  16  ...      1394    0.40       616.00       616    0.00
139  10   9  4  16  16  ...      1286    8.00       552.00       560    8.00
212   8   9  8  16  24  ...      1472    1.25       627.00       616   11.00

[41 rows x 13 columns]
RESOURCE EST model: column 0 Mean absolute Error: 34.7451219512195
RESOURCE EST model: column 1 Mean absolute Error: 9.465853658536583
RESOURCE EST model: number of tests : 41
RESOURCE EST model: MAX Error column 0: 315.3499999999999
RESOURCE EST model: MAX Error column 1: 53.0
--------------------------------------
num_estimators = 22


 Y-value shapes:
(159, 2)
(41, 2)
(41, 2)



 THE FAILED TESTS (>5%) ARE:
      H   T  S   B   L  ...  Actual 0      Diff 0  Predicted 1  Actual 1     Diff 1
154   3   9  8   4  16  ...       532    0.000000   168.000000       168   0.000000
153   3   9  8   2  16  ...       532    0.000000   168.000000       168   0.000000
162   5   9  8   4  16  ...       749    0.545455   280.000000       280   0.000000
8     3  12  8  16  16  ...       454   27.500000   163.636364       180  16.363636
98    5   9  3  16  16  ...       749    1.045455   278.181818       280   1.818182
119   7   9  8  16  16  ...       964    0.181818   392.000000       392   0.000000
5     3   9  8  16  16  ...       532    0.000000   168.000000       168   0.000000
129   9   9  2  16  16  ...      1179    1.000000   502.090909       504   1.909091
25    5  11  8  16  16  ...       649   62.454545   280.636364       270  10.636364
3     3   7  8  16  16  ...       415   64.772727   160.772727       180  19.227273
124   8   9  5  16  16  ...      1070    3.045455   445.136364       448   2.863636
165   6   9  8   2  16  ...       857    0.000000   336.000000       336   0.000000
34    6  11  8  16  16  ...       736   43.181818   340.363636       324  16.363636
21    5   7  8  16  16  ...       554  215.090909   246.363636       300  53.636364
100   5   9  5  16  16  ...       747    0.090909   280.000000       280   0.000000
121   8   9  2  16  16  ...      1070    3.045455   445.136364       448   2.863636
118   7   9  7  16  16  ...       962    0.545455   392.000000       392   0.000000
167   6   9  8   8  16  ...       857    0.000000   336.000000       336   0.000000
192   3   9  8  16  24  ...       682   21.181818   250.727273       231  19.727273
1     3   5  8  16  16  ...       492   12.318182   160.772727       156   4.772727
73   11   5  8  16  16  ...      1252  147.681818   553.772727       572  18.227273
90    4   9  3  16  16  ...       640    0.136364   222.545455       224   1.454545
110   6   9  7  16  16  ...       857    1.454545   336.000000       336   0.000000
116   7   9  5  16  16  ...       964    2.000000   392.000000       392   0.000000
226   3   8  6  16  10  ...       430   39.545455   112.090909        90  22.090909
0     3   4  8  16  16  ...       556   76.318182   160.772727       144  16.772727
240  10   8  6  16  10  ...       949   75.272727   283.090909       300  16.909091
47    8   6  8  16  16  ...       840  111.409091   425.590909       440  14.409091
169   7   9  8   2  16  ...       962    0.363636   392.000000       392   0.000000
239  10   8  6  16  10  ...       949   75.272727   283.090909       300  16.909091
227   4   8  6  16  10  ...       503   15.681818   130.636364       120  10.636364
213   9   9  8  16  12  ...       947   20.818182   391.454545       378  13.454545
178   9   9  8   4  16  ...      1181    4.045455   492.000000       504  12.000000
140  10   9  5  16  16  ...      1286    9.545455   554.681818       560   5.318182
222  11   9  8  16  16  ...      1396   69.590909   598.409091       616  17.590909
179   9   9  8   8  16  ...      1179    6.045455   492.000000       504  12.000000
74   11   6  8  16  16  ...      1076  323.681818   553.772727       605  51.227273
142  10   9  7  16  16  ...      1288    0.909091   554.045455       560   5.954545
148  11   9  5  16  16  ...      1394    0.545455   616.000000       616   0.000000
139  10   9  4  16  16  ...      1286    2.409091   550.181818       560   9.818182
212   8   9  8  16  24  ...      1472   11.863636   622.500000       616   6.500000

[41 rows x 13 columns]
RESOURCE EST model: column 0 Mean absolute Error: 35.38026607538802
RESOURCE EST model: column 1 Mean absolute Error: 9.791574279379166
RESOURCE EST model: number of tests : 41
RESOURCE EST model: MAX Error column 0: 323.68181818181824
RESOURCE EST model: MAX Error column 1: 53.636363636363626
--------------------------------------
num_estimators = 24


 Y-value shapes:
(159, 2)
(41, 2)
(41, 2)



 THE FAILED TESTS (>5%) ARE:
      H   T  S   B   L  ...  Actual 0      Diff 0  Predicted 1  Actual 1     Diff 1
154   3   9  8   4  16  ...       532    0.000000   168.000000       168   0.000000
153   3   9  8   2  16  ...       532    0.000000   168.000000       168   0.000000
162   5   9  8   4  16  ...       749    0.500000   280.000000       280   0.000000
8     3  12  8  16  16  ...       454   28.791667   164.000000       180  16.000000
98    5   9  3  16  16  ...       749    0.875000   278.333333       280   1.666667
119   7   9  8  16  16  ...       964    0.166667   392.000000       392   0.000000
5     3   9  8  16  16  ...       532    0.000000   168.000000       168   0.000000
129   9   9  2  16  16  ...      1179    0.916667   502.250000       504   1.750000
25    5  11  8  16  16  ...       649   62.958333   280.583333       270  10.583333
3     3   7  8  16  16  ...       415   61.958333   161.125000       180  18.875000
124   8   9  5  16  16  ...      1070    2.791667   445.375000       448   2.625000
165   6   9  8   2  16  ...       857    0.000000   336.000000       336   0.000000
34    6  11  8  16  16  ...       736   49.958333   340.000000       324  16.000000
21    5   7  8  16  16  ...       554  212.208333   246.666667       300  53.333333
100   5   9  5  16  16  ...       747    0.083333   280.000000       280   0.000000
121   8   9  2  16  16  ...      1070    0.125000   442.708333       448   5.291667
118   7   9  7  16  16  ...       962    0.583333   392.000000       392   0.000000
167   6   9  8   8  16  ...       857    0.000000   336.000000       336   0.000000
192   3   9  8  16  24  ...       682   22.458333   250.833333       231  19.833333
1     3   5  8  16  16  ...       492   15.125000   161.125000       156   5.125000
73   11   5  8  16  16  ...      1252  154.625000   551.625000       572  20.375000
90    4   9  3  16  16  ...       640    0.125000   222.666667       224   1.333333
110   6   9  7  16  16  ...       857    1.416667   336.000000       336   0.000000
116   7   9  5  16  16  ...       964    2.000000   392.000000       392   0.000000
226   3   8  6  16  10  ...       430   39.333333   111.500000        90  21.500000
0     3   4  8  16  16  ...       556   79.125000   161.125000       144  17.125000
240  10   8  6  16  10  ...       949   74.000000   282.750000       300  17.250000
47    8   6  8  16  16  ...       840  112.791667   424.791667       440  15.208333
169   7   9  8   2  16  ...       962    0.416667   392.000000       392   0.000000
239  10   8  6  16  10  ...       949   74.000000   282.750000       300  17.250000
227   4   8  6  16  10  ...       503   14.458333   129.750000       120   9.750000
213   9   9  8  16  12  ...       947   17.041667   388.333333       378  10.333333
178   9   9  8   4  16  ...      1181    3.708333   493.000000       504  11.000000
140  10   9  5  16  16  ...      1286    8.750000   555.125000       560   4.875000
222  11   9  8  16  16  ...      1396   69.375000   599.875000       616  16.125000
179   9   9  8   8  16  ...      1179    5.708333   493.000000       504  11.000000
74   11   6  8  16  16  ...      1076  330.625000   551.625000       605  53.375000
142  10   9  7  16  16  ...      1288    0.666667   554.541667       560   5.458333
148  11   9  5  16  16  ...      1394    0.500000   616.000000       616   0.000000
139  10   9  4  16  16  ...      1286    2.208333   551.000000       560   9.000000
212   8   9  8  16  24  ...      1472   20.791667   618.750000       616   2.750000

[41 rows x 13 columns]
RESOURCE EST model: column 0 Mean absolute Error: 35.88211382113821
RESOURCE EST model: column 1 Mean absolute Error: 9.629065040650406
RESOURCE EST model: number of tests : 41
RESOURCE EST model: MAX Error column 0: 330.625
RESOURCE EST model: MAX Error column 1: 53.375
--------------------------------------
num_estimators = 26


 Y-value shapes:
(159, 2)
(41, 2)
(41, 2)



 THE FAILED TESTS (>5%) ARE:
      H   T  S   B   L  ...  Actual 0      Diff 0  Predicted 1  Actual 1     Diff 1
154   3   9  8   4  16  ...       532    0.000000   168.000000       168   0.000000
153   3   9  8   2  16  ...       532    0.000000   168.000000       168   0.000000
162   5   9  8   4  16  ...       749    0.461538   280.000000       280   0.000000
8     3  12  8  16  16  ...       454   28.038462   163.846154       180  16.153846
98    5   9  3  16  16  ...       749    0.807692   278.461538       280   1.538462
119   7   9  8  16  16  ...       964    0.153846   392.000000       392   0.000000
5     3   9  8  16  16  ...       532    0.000000   168.000000       168   0.000000
129   9   9  2  16  16  ...      1179    0.846154   502.384615       504   1.615385
25    5  11  8  16  16  ...       649   61.115385   280.538462       270  10.538462
3     3   7  8  16  16  ...       415   68.038462   159.807692       180  20.192308
124   8   9  5  16  16  ...      1070    2.576923   445.576923       448   2.423077
165   6   9  8   2  16  ...       857    0.000000   336.000000       336   0.000000
34    6  11  8  16  16  ...       736   52.807692   338.076923       324  14.076923
21    5   7  8  16  16  ...       554  213.730769   246.153846       300  53.846154
100   5   9  5  16  16  ...       747    0.153846   280.000000       280   0.000000
121   8   9  2  16  16  ...      1070    0.115385   443.115385       448   4.884615
118   7   9  7  16  16  ...       962    0.615385   392.000000       392   0.000000
167   6   9  8   8  16  ...       857    0.000000   336.000000       336   0.000000
192   3   9  8  16  24  ...       682   25.384615   252.000000       231  21.000000
1     3   5  8  16  16  ...       492    9.038462   159.807692       156   3.807692
73   11   5  8  16  16  ...      1252  157.153846   553.192308       572  18.807692
90    4   9  3  16  16  ...       640    1.000000   221.538462       224   2.461538
110   6   9  7  16  16  ...       857    1.384615   336.000000       336   0.000000
116   7   9  5  16  16  ...       964    2.000000   392.000000       392   0.000000
226   3   8  6  16  10  ...       430   39.153846   111.000000        90  21.000000
0     3   4  8  16  16  ...       556   73.038462   159.807692       144  15.807692
240  10   8  6  16  10  ...       949   74.153846   281.769231       300  18.230769
47    8   6  8  16  16  ...       840  109.615385   428.576923       440  11.423077
169   7   9  8   2  16  ...       962    0.384615   392.000000       392   0.000000
239  10   8  6  16  10  ...       949   74.153846   281.769231       300  18.230769
227   4   8  6  16  10  ...       503   10.576923   127.846154       120   7.846154
213   9   9  8  16  12  ...       947   21.576923   390.769231       378  12.769231
178   9   9  8   4  16  ...      1181    2.500000   492.230769       504  11.769231
140  10   9  5  16  16  ...      1286    8.076923   555.500000       560   4.500000
222  11   9  8  16  16  ...      1396   69.192308   601.115385       616  14.884615
179   9   9  8   8  16  ...      1179    4.500000   492.230769       504  11.769231
74   11   6  8  16  16  ...      1076  333.153846   553.192308       605  51.807692
142  10   9  7  16  16  ...      1288    0.538462   554.961538       560   5.038462
148  11   9  5  16  16  ...      1394    0.538462   616.000000       616   0.000000
139  10   9  4  16  16  ...      1286    2.038462   551.692308       560   8.307692
212   8   9  8  16  24  ...      1472   19.230769   618.538462       616   2.538462

[41 rows x 13 columns]
RESOURCE EST model: column 0 Mean absolute Error: 35.80112570356473
RESOURCE EST model: column 1 Mean absolute Error: 9.445590994371479
RESOURCE EST model: number of tests : 41
RESOURCE EST model: MAX Error column 0: 333.1538461538462
RESOURCE EST model: MAX Error column 1: 53.84615384615384
--------------------------------------
num_estimators = 28


 Y-value shapes:
(159, 2)
(41, 2)
(41, 2)



 THE FAILED TESTS (>5%) ARE:
      H   T  S   B   L  ...  Actual 0      Diff 0  Predicted 1  Actual 1     Diff 1
154   3   9  8   4  16  ...       532    0.000000   168.000000       168   0.000000
153   3   9  8   2  16  ...       532    0.000000   168.000000       168   0.000000
162   5   9  8   4  16  ...       749    0.500000   280.000000       280   0.000000
8     3  12  8  16  16  ...       454   28.250000   163.928571       180  16.071429
98    5   9  3  16  16  ...       749    0.678571   278.571429       280   1.428571
119   7   9  8  16  16  ...       964    0.142857   392.000000       392   0.000000
5     3   9  8  16  16  ...       532    0.000000   168.000000       168   0.000000
129   9   9  2  16  16  ...      1179    0.785714   502.500000       504   1.500000
25    5  11  8  16  16  ...       649   61.642857   280.500000       270  10.500000
3     3   7  8  16  16  ...       415   65.392857   160.178571       180  19.821429
124   8   9  5  16  16  ...      1070    2.392857   445.750000       448   2.250000
165   6   9  8   2  16  ...       857    0.000000   336.000000       336   0.000000
34    6  11  8  16  16  ...       736   57.928571   337.928571       324  13.928571
21    5   7  8  16  16  ...       554  211.250000   248.928571       300  51.071429
100   5   9  5  16  16  ...       747    0.142857   280.000000       280   0.000000
121   8   9  2  16  16  ...      1070    0.107143   443.464286       448   4.535714
118   7   9  7  16  16  ...       962    0.642857   392.000000       392   0.000000
167   6   9  8   8  16  ...       857    0.000000   336.000000       336   0.000000
192   3   9  8  16  24  ...       682   27.892857   253.000000       231  22.000000
1     3   5  8  16  16  ...       492   11.678571   160.178571       156   4.178571
73   11   5  8  16  16  ...      1252  164.535714   560.428571       572  11.571429
90    4   9  3  16  16  ...       640    1.964286   220.571429       224   3.428571
110   6   9  7  16  16  ...       857    1.428571   336.000000       336   0.000000
116   7   9  5  16  16  ...       964    2.000000   392.000000       392   0.000000
226   3   8  6  16  10  ...       430   42.571429   113.357143        90  23.357143
0     3   4  8  16  16  ...       556   75.678571   160.178571       144  16.178571
240  10   8  6  16  10  ...       949   74.285714   280.928571       300  19.071429
47    8   6  8  16  16  ...       840  114.321429   429.535714       440  10.464286
169   7   9  8   2  16  ...       962    0.357143   392.000000       392   0.000000
239  10   8  6  16  10  ...       949   74.285714   280.928571       300  19.071429
227   4   8  6  16  10  ...       503   10.892857   129.000000       120   9.000000
213   9   9  8  16  12  ...       947   28.000000   387.500000       378   9.500000
178   9   9  8   4  16  ...      1181    2.321429   493.071429       504  10.928571
140  10   9  5  16  16  ...      1286    7.500000   555.821429       560   4.178571
222  11   9  8  16  16  ...      1396   60.642857   604.928571       616  11.071429
179   9   9  8   8  16  ...      1179    4.321429   493.071429       504  10.928571
74   11   6  8  16  16  ...      1076  340.535714   560.428571       605  44.571429
142  10   9  7  16  16  ...      1288    0.357143   555.321429       560   4.678571
148  11   9  5  16  16  ...      1394    0.500000   616.000000       616   0.000000
139  10   9  4  16  16  ...      1286    4.750000   549.428571       560  10.571429
212   8   9  8  16  24  ...      1472    6.500000   623.857143       616   7.857143

[41 rows x 13 columns]
RESOURCE EST model: column 0 Mean absolute Error: 36.27264808362369
RESOURCE EST model: column 1 Mean absolute Error: 9.114982578397214
RESOURCE EST model: number of tests : 41
RESOURCE EST model: MAX Error column 0: 340.5357142857142
RESOURCE EST model: MAX Error column 1: 51.071428571428584
--------------------------------------
num_estimators = 30


 Y-value shapes:
(159, 2)
(41, 2)
(41, 2)



 THE FAILED TESTS (>5%) ARE:
      H   T  S   B   L  ...  Actual 0      Diff 0  Predicted 1  Actual 1     Diff 1
154   3   9  8   4  16  ...       532    0.000000   168.000000       168   0.000000
153   3   9  8   2  16  ...       532    0.000000   168.000000       168   0.000000
162   5   9  8   4  16  ...       749    0.466667   280.000000       280   0.000000
8     3  12  8  16  16  ...       454   27.633333   163.800000       180  16.200000
98    5   9  3  16  16  ...       749    0.566667   278.666667       280   1.333333
119   7   9  8  16  16  ...       964    0.133333   392.000000       392   0.000000
5     3   9  8  16  16  ...       532    0.000000   168.000000       168   0.000000
129   9   9  2  16  16  ...      1179    0.733333   502.600000       504   1.400000
25    5  11  8  16  16  ...       649   62.833333   279.533333       270   9.533333
3     3   7  8  16  16  ...       415   69.633333   159.900000       180  20.100000
124   8   9  5  16  16  ...      1070    8.066667   442.733333       448   5.266667
165   6   9  8   2  16  ...       857    0.000000   336.000000       336   0.000000
34    6  11  8  16  16  ...       736   57.266667   337.800000       324  13.800000
21    5   7  8  16  16  ...       554  212.633333   248.333333       300  51.666667
100   5   9  5  16  16  ...       747    0.200000   280.000000       280   0.000000
121   8   9  2  16  16  ...      1070    2.533333   441.666667       448   6.333333
118   7   9  7  16  16  ...       962    0.600000   392.000000       392   0.000000
167   6   9  8   8  16  ...       857    0.000000   336.000000       336   0.000000
192   3   9  8  16  24  ...       682   26.433333   252.000000       231  21.000000
1     3   5  8  16  16  ...       492    7.433333   159.900000       156   3.900000
73   11   5  8  16  16  ...      1252  168.966667   558.266667       572  13.733333
90    4   9  3  16  16  ...       640    1.700000   220.800000       224   3.200000
110   6   9  7  16  16  ...       857    1.466667   336.000000       336   0.000000
116   7   9  5  16  16  ...       964    2.000000   392.000000       392   0.000000
226   3   8  6  16  10  ...       430   42.200000   112.800000        90  22.800000
0     3   4  8  16  16  ...       556   71.433333   159.900000       144  15.900000
240  10   8  6  16  10  ...       949   74.400000   280.200000       300  19.800000
47    8   6  8  16  16  ...       840  108.300000   430.766667       440   9.233333
169   7   9  8   2  16  ...       962    0.400000   392.000000       392   0.000000
239  10   8  6  16  10  ...       949   74.400000   280.200000       300  19.800000
227   4   8  6  16  10  ...       503   10.233333   128.400000       120   8.400000
213   9   9  8  16  12  ...       947   26.266667   389.200000       378  11.200000
178   9   9  8   4  16  ...      1181    4.566667   491.400000       504  12.600000
140  10   9  5  16  16  ...      1286    7.000000   556.100000       560   3.900000
222  11   9  8  16  16  ...      1396   61.300000   600.866667       616  15.133333
179   9   9  8   8  16  ...      1179    6.566667   491.400000       504  12.600000
74   11   6  8  16  16  ...      1076  344.966667   558.266667       605  46.733333
142  10   9  7  16  16  ...      1288    0.200000   555.633333       560   4.366667
148  11   9  5  16  16  ...      1394    0.466667   616.000000       616   0.000000
139  10   9  4  16  16  ...      1286    4.433333   550.133333       560   9.866667
212   8   9  8  16  24  ...      1472    4.533333   628.466667       616  12.466667

[41 rows x 13 columns]
RESOURCE EST model: column 0 Mean absolute Error: 36.41382113821139
RESOURCE EST model: column 1 Mean absolute Error: 9.567479674796749
RESOURCE EST model: number of tests : 41
RESOURCE EST model: MAX Error column 0: 344.9666666666667
RESOURCE EST model: MAX Error column 1: 51.66666666666666
[40.94308943  7.98373984]
[40.50914634  8.5304878 ]
[36.68780488  8.41219512]
[35.70934959  8.98170732]
[36.08013937  9.36062718]
[34.90243902  9.5320122 ]
[34.56233062  9.54336043]
[34.74512195  9.46585366]
[35.38026608  9.79157428]
[35.88211382  9.62906504]
[35.8011257   9.44559099]
[36.27264808  9.11498258]
[36.41382114  9.56747967]
MINIMIZED at 18
----------------------------------
----------------------------------
----------------------------------
----------------------------------
----------------------------------
--- TRAINING BITSTREAM/FREQUENCY MODELS NOW
----------------------------------
----------------------------------
----------------------------------
----------------------------------
----------------------------------






 PREDICTING BITSTREAM COMPLETION NOW
--------------------------------------
num_estimators = 5
THE X TEST DATA IS:
         %LUT       %FF      %DSP     %BRAM     %URAM
154  0.313768  0.182969  0.090869  0.263889  0.175000
153  0.313768  0.182969  0.090869  0.263889  0.175000
162  0.447086  0.257354  0.151152  0.371252  0.291667
8    0.390042  0.221755  0.117533  0.238453  0.170139
98   0.211391  0.121183  0.056814  0.372272  0.289352
119  0.601031  0.333245  0.211436  0.478119  0.408333
5    0.318016  0.182969  0.090869  0.263889  0.175000
129  0.243393  0.134992  0.071450  0.584215  0.522569
25   0.537586  0.298670  0.173904  0.352899  0.291667
3    0.272918  0.157387  0.093187  0.241705  0.166493
124  0.452061  0.246914  0.170136  0.528908  0.463021
165  0.517825  0.294711  0.181294  0.425099  0.350000
34   0.657287  0.354504  0.206654  0.388255  0.354167
21   0.414199  0.233159  0.155210  0.379271  0.258102
100  0.306129  0.172229  0.103220  0.370591  0.291667
121  0.226581  0.127571  0.065074  0.528908  0.463021
118  0.517505  0.288058  0.186153  0.477458  0.408333
167  0.517825  0.294711  0.181294  0.425099  0.350000
192  0.316069  0.180741  0.093187  0.354139  0.265741
1    0.241210  0.139934  0.088993  0.241650  0.166493
73   0.575596  0.316264  0.292655  0.685103  0.582812
90   0.182869  0.106459  0.043627  0.317488  0.231481
110  0.455281  0.252952  0.159967  0.424328  0.350000
116  0.390160  0.216385  0.136542  0.477183  0.408333
226  0.239470  0.138931  0.069712  0.231041  0.114236
0    0.221360  0.129607  0.078781  0.241650  0.166493
240  0.537632  0.295668  0.218307  0.428792  0.289583
47   0.497168  0.275368  0.236191  0.460896  0.449248
169  0.585055  0.331769  0.211436  0.477348  0.408333
239  0.537632  0.295668  0.218307  0.428792  0.289583
227  0.278197  0.159998  0.087953  0.255456  0.135417
213  0.940155  0.464401  0.270126  0.482418  0.404398
178  0.937647  0.464017  0.271285  0.586282  0.513889
140  0.498525  0.270957  0.196220  0.635058  0.579803
222  1.025720  0.507377  0.301572  0.652640  0.623727
179  0.937647  0.464017  0.271285  0.586282  0.513889
74   0.615694  0.336063  0.267952  0.685103  0.582812
142  0.788658  0.400888  0.256078  0.638724  0.582118
148  0.599841  0.313815  0.207012  0.691689  0.641667
139  0.454361  0.244126  0.166658  0.642306  0.574074
212  0.745961  0.389083  0.240436  0.735973  0.658854




THE Y TEST DATA IS:
154    1
153    1
162    1
8      1
98     1
119    1
5      1
129    1
25     1
3      1
124    1
165    1
34     1
21     1
100    1
121    1
118    1
167    1
192    1
1      1
73     1
90     1
110    1
116    1
226    1
0      1
240    1
47     1
169    1
239    1
227    1
213    0
178    0
140    0
222    0
179    0
74     0
142    0
148    0
139    0
212    0
Name: BUILD_SUCCESS, dtype: int64
#Train points = 159, #pass = 123, #fail = 36
#Test points  = 41, #pass = 31, #fail = 10






 Y-value shapes:
(159,)
(41,)
(41,)
(159, 1)
(41, 1)
(41, 1)



 THE FAILED TESTS (>5%) ARE:
        %LUT       %FF      %DSP     %BRAM     %URAM  Predicted 0  Actual 0
73  0.575596  0.316264  0.292655  0.685103  0.582812            0         1
BITSTREAM COMPLETION model: badness_rating : 1
BITSTREAM COMPLETION model: number of tests : 41
BITSTREAM COMPLETION model: false positives = 0
BITSTREAM COMPLETION model: false negatives = 1
BITSTREAM COMPLETION model: true positives = 30
BITSTREAM COMPLETION model: true negatives = 10
--------------------------------------
num_estimators = 6


 Y-value shapes:
(159,)
(41,)
(41,)
(159, 1)
(41, 1)
(41, 1)



 THE FAILED TESTS (>5%) ARE:
        %LUT       %FF      %DSP     %BRAM     %URAM  Predicted 0  Actual 0
73  0.575596  0.316264  0.292655  0.685103  0.582812            0         1
BITSTREAM COMPLETION model: badness_rating : 1
BITSTREAM COMPLETION model: number of tests : 41
BITSTREAM COMPLETION model: false positives = 0
BITSTREAM COMPLETION model: false negatives = 1
BITSTREAM COMPLETION model: true positives = 30
BITSTREAM COMPLETION model: true negatives = 10
--------------------------------------
num_estimators = 7


 Y-value shapes:
(159,)
(41,)
(41,)
(159, 1)
(41, 1)
(41, 1)



 THE FAILED TESTS (>5%) ARE:
        %LUT       %FF      %DSP     %BRAM     %URAM  Predicted 0  Actual 0
73  0.575596  0.316264  0.292655  0.685103  0.582812            0         1
BITSTREAM COMPLETION model: badness_rating : 1
BITSTREAM COMPLETION model: number of tests : 41
BITSTREAM COMPLETION model: false positives = 0
BITSTREAM COMPLETION model: false negatives = 1
BITSTREAM COMPLETION model: true positives = 30
BITSTREAM COMPLETION model: true negatives = 10
--------------------------------------
num_estimators = 8


 Y-value shapes:
(159,)
(41,)
(41,)
(159, 1)
(41, 1)
(41, 1)



 THE FAILED TESTS (>5%) ARE:
        %LUT       %FF      %DSP     %BRAM     %URAM  Predicted 0  Actual 0
73  0.575596  0.316264  0.292655  0.685103  0.582812            0         1
BITSTREAM COMPLETION model: badness_rating : 1
BITSTREAM COMPLETION model: number of tests : 41
BITSTREAM COMPLETION model: false positives = 0
BITSTREAM COMPLETION model: false negatives = 1
BITSTREAM COMPLETION model: true positives = 30
BITSTREAM COMPLETION model: true negatives = 10
--------------------------------------
num_estimators = 9


 Y-value shapes:
(159,)
(41,)
(41,)
(159, 1)
(41, 1)
(41, 1)



 THE FAILED TESTS (>5%) ARE:
        %LUT       %FF      %DSP     %BRAM     %URAM  Predicted 0  Actual 0
73  0.575596  0.316264  0.292655  0.685103  0.582812            0         1
BITSTREAM COMPLETION model: badness_rating : 1
BITSTREAM COMPLETION model: number of tests : 41
BITSTREAM COMPLETION model: false positives = 0
BITSTREAM COMPLETION model: false negatives = 1
BITSTREAM COMPLETION model: true positives = 30
BITSTREAM COMPLETION model: true negatives = 10
--------------------------------------
num_estimators = 10


 Y-value shapes:
(159,)
(41,)
(41,)
(159, 1)
(41, 1)
(41, 1)



 THE FAILED TESTS (>5%) ARE:
        %LUT       %FF      %DSP     %BRAM     %URAM  Predicted 0  Actual 0
73  0.575596  0.316264  0.292655  0.685103  0.582812            0         1
BITSTREAM COMPLETION model: badness_rating : 1
BITSTREAM COMPLETION model: number of tests : 41
BITSTREAM COMPLETION model: false positives = 0
BITSTREAM COMPLETION model: false negatives = 1
BITSTREAM COMPLETION model: true positives = 30
BITSTREAM COMPLETION model: true negatives = 10
--------------------------------------
num_estimators = 11


 Y-value shapes:
(159,)
(41,)
(41,)
(159, 1)
(41, 1)
(41, 1)



 THE FAILED TESTS (>5%) ARE:
        %LUT       %FF      %DSP     %BRAM     %URAM  Predicted 0  Actual 0
73  0.575596  0.316264  0.292655  0.685103  0.582812            0         1
BITSTREAM COMPLETION model: badness_rating : 1
BITSTREAM COMPLETION model: number of tests : 41
BITSTREAM COMPLETION model: false positives = 0
BITSTREAM COMPLETION model: false negatives = 1
BITSTREAM COMPLETION model: true positives = 30
BITSTREAM COMPLETION model: true negatives = 10
--------------------------------------
num_estimators = 12


 Y-value shapes:
(159,)
(41,)
(41,)
(159, 1)
(41, 1)
(41, 1)



 THE FAILED TESTS (>5%) ARE:
        %LUT       %FF      %DSP     %BRAM     %URAM  Predicted 0  Actual 0
73  0.575596  0.316264  0.292655  0.685103  0.582812            0         1
BITSTREAM COMPLETION model: badness_rating : 1
BITSTREAM COMPLETION model: number of tests : 41
BITSTREAM COMPLETION model: false positives = 0
BITSTREAM COMPLETION model: false negatives = 1
BITSTREAM COMPLETION model: true positives = 30
BITSTREAM COMPLETION model: true negatives = 10
--------------------------------------
num_estimators = 13


 Y-value shapes:
(159,)
(41,)
(41,)
(159, 1)
(41, 1)
(41, 1)



 THE FAILED TESTS (>5%) ARE:
        %LUT       %FF      %DSP     %BRAM     %URAM  Predicted 0  Actual 0
73  0.575596  0.316264  0.292655  0.685103  0.582812            0         1
BITSTREAM COMPLETION model: badness_rating : 1
BITSTREAM COMPLETION model: number of tests : 41
BITSTREAM COMPLETION model: false positives = 0
BITSTREAM COMPLETION model: false negatives = 1
BITSTREAM COMPLETION model: true positives = 30
BITSTREAM COMPLETION model: true negatives = 10
--------------------------------------
num_estimators = 14


 Y-value shapes:
(159,)
(41,)
(41,)
(159, 1)
(41, 1)
(41, 1)



 THE FAILED TESTS (>5%) ARE:
        %LUT       %FF      %DSP     %BRAM     %URAM  Predicted 0  Actual 0
73  0.575596  0.316264  0.292655  0.685103  0.582812            0         1
BITSTREAM COMPLETION model: badness_rating : 1
BITSTREAM COMPLETION model: number of tests : 41
BITSTREAM COMPLETION model: false positives = 0
BITSTREAM COMPLETION model: false negatives = 1
BITSTREAM COMPLETION model: true positives = 30
BITSTREAM COMPLETION model: true negatives = 10
MINIMIZED at 5






 PREDICTING FREQUENCIES NOW
--------------------------------------
num_estimators = 5
THE X TEST DATA IS:
         %LUT       %FF      %DSP     %BRAM     %URAM
154  0.313768  0.182969  0.090869  0.263889  0.175000
153  0.313768  0.182969  0.090869  0.263889  0.175000
162  0.447086  0.257354  0.151152  0.371252  0.291667
8    0.390042  0.221755  0.117533  0.238453  0.170139
98   0.211391  0.121183  0.056814  0.372272  0.289352
119  0.601031  0.333245  0.211436  0.478119  0.408333
5    0.318016  0.182969  0.090869  0.263889  0.175000
129  0.243393  0.134992  0.071450  0.584215  0.522569
25   0.537586  0.298670  0.173904  0.352899  0.291667
3    0.272918  0.157387  0.093187  0.241705  0.166493
124  0.452061  0.246914  0.170136  0.528908  0.463021
165  0.517825  0.294711  0.181294  0.425099  0.350000
34   0.657287  0.354504  0.206654  0.388255  0.354167
21   0.414199  0.233159  0.155210  0.379271  0.258102
100  0.306129  0.172229  0.103220  0.370591  0.291667
121  0.226581  0.127571  0.065074  0.528908  0.463021
118  0.517505  0.288058  0.186153  0.477458  0.408333
167  0.517825  0.294711  0.181294  0.425099  0.350000
192  0.316069  0.180741  0.093187  0.354139  0.265741
1    0.241210  0.139934  0.088993  0.241650  0.166493
73   0.575596  0.316264  0.292655  0.685103  0.582812
90   0.182869  0.106459  0.043627  0.317488  0.231481
110  0.455281  0.252952  0.159967  0.424328  0.350000
116  0.390160  0.216385  0.136542  0.477183  0.408333
226  0.239470  0.138931  0.069712  0.231041  0.114236
0    0.221360  0.129607  0.078781  0.241650  0.166493
240  0.537632  0.295668  0.218307  0.428792  0.289583
47   0.497168  0.275368  0.236191  0.460896  0.449248
169  0.585055  0.331769  0.211436  0.477348  0.408333
239  0.537632  0.295668  0.218307  0.428792  0.289583
227  0.278197  0.159998  0.087953  0.255456  0.135417




THE Y TEST DATA IS:
154    208
153    208
162    209
8      220
98     205
119    205
5      220
129    211
25     209
3      209
124    211
165    213
34     207
21     193
100    205
121    200
118    207
167    210
192    196
1      207
73     185
90     218
110    205
116    220
226    225
0      198
240    220
47     199
169    205
239    223
227    225
Name: KERNEL_FREQ, dtype: int64


TRAINING DATA STATISTICS:
     #points = 123
     min     = 179
     max     = 225
     mean    = 208.0569105691057
     var     = 120.61148873783819


TESTING DATA STATISTICS:
     #points = 31
     min     = 185
     max     = 225
     mean    = 208.90322580645162
     var     = 89.82365591397848






 Y-value shapes:
(123,)
(31,)
(31,)
(123, 1)
(31, 1)
(31, 1)



 THE FAILED TESTS (>5%) ARE:
         %LUT       %FF      %DSP  ...  Predicted 0  Actual 0  Diff 0
21   0.414199  0.233159  0.155210  ...        205.9       193    12.9
121  0.226581  0.127571  0.065074  ...        210.6       200    10.6
192  0.316069  0.180741  0.093187  ...        206.6       196    10.6
0    0.221360  0.129607  0.078781  ...        214.8       198    16.8

[4 rows x 8 columns]
FREQUENCY model: Mean absolute Error: 6.0960983102918584
FREQUENCY model: number of tests : 31
FREQUENCY model: MAX ABSOLUTE Error: 16.80000000000001
FREQUENCY model: MAX RELATIVE Error: 1.084848484848485
--------------------------------------
num_estimators = 6


 Y-value shapes:
(123,)
(31,)
(31,)
(123, 1)
(31, 1)
(31, 1)



 THE FAILED TESTS (>5%) ARE:
         %LUT       %FF      %DSP  ...  Predicted 0  Actual 0     Diff 0
21   0.414199  0.233159  0.155210  ...   204.916667       193  11.916667
121  0.226581  0.127571  0.065074  ...   211.500000       200  11.500000
0    0.221360  0.129607  0.078781  ...   213.833333       198  15.833333

[3 rows x 8 columns]
FREQUENCY model: Mean absolute Error: 5.8332821300563245
FREQUENCY model: number of tests : 31
FREQUENCY model: MAX ABSOLUTE Error: 15.833333333333343
FREQUENCY model: MAX RELATIVE Error: 1.07996632996633
--------------------------------------
num_estimators = 7


 Y-value shapes:
(123,)
(31,)
(31,)
(123, 1)
(31, 1)
(31, 1)



 THE FAILED TESTS (>5%) ARE:
         %LUT       %FF      %DSP  ...  Predicted 0  Actual 0     Diff 0
21   0.414199  0.233159  0.155210  ...   207.642857       193  14.642857
121  0.226581  0.127571  0.065074  ...   210.857143       200  10.857143
192  0.316069  0.180741  0.093187  ...   206.000000       196  10.000000
0    0.221360  0.129607  0.078781  ...   213.428571       198  15.428571

[4 rows x 8 columns]
FREQUENCY model: Mean absolute Error: 5.572043010752688
FREQUENCY model: number of tests : 31
FREQUENCY model: MAX ABSOLUTE Error: 15.428571428571416
FREQUENCY model: MAX RELATIVE Error: 1.077922077922078
--------------------------------------
num_estimators = 8


 Y-value shapes:
(123,)
(31,)
(31,)
(123, 1)
(31, 1)
(31, 1)



 THE FAILED TESTS (>5%) ARE:
         %LUT       %FF      %DSP  ...  Predicted 0  Actual 0  Diff 0
21   0.414199  0.233159  0.155210  ...      209.625       193  16.625
121  0.226581  0.127571  0.065074  ...      211.500       200  11.500
192  0.316069  0.180741  0.093187  ...      206.500       196  10.500
0    0.221360  0.129607  0.078781  ...      213.125       198  15.125

[4 rows x 8 columns]
FREQUENCY model: Mean absolute Error: 5.558429339477727
FREQUENCY model: number of tests : 31
FREQUENCY model: MAX ABSOLUTE Error: 16.625
FREQUENCY model: MAX RELATIVE Error: 1.086139896373057
--------------------------------------
num_estimators = 9


 Y-value shapes:
(123,)
(31,)
(31,)
(123, 1)
(31, 1)
(31, 1)



 THE FAILED TESTS (>5%) ARE:
         %LUT       %FF      %DSP  ...  Predicted 0  Actual 0     Diff 0
21   0.414199  0.233159  0.155210  ...   209.222222       193  16.222222
121  0.226581  0.127571  0.065074  ...   212.000000       200  12.000000
192  0.316069  0.180741  0.093187  ...   207.000000       196  11.000000
0    0.221360  0.129607  0.078781  ...   213.888889       198  15.888889

[4 rows x 8 columns]
FREQUENCY model: Mean absolute Error: 5.794384707287934
FREQUENCY model: number of tests : 31
FREQUENCY model: MAX ABSOLUTE Error: 16.22222222222223
FREQUENCY model: MAX RELATIVE Error: 1.0840529648819806
--------------------------------------
num_estimators = 10


 Y-value shapes:
(123,)
(31,)
(31,)
(123, 1)
(31, 1)
(31, 1)



 THE FAILED TESTS (>5%) ARE:
         %LUT       %FF      %DSP  ...  Predicted 0  Actual 0  Diff 0
21   0.414199  0.233159  0.155210  ...        209.5       193    16.5
121  0.226581  0.127571  0.065074  ...        211.9       200    11.9
192  0.316069  0.180741  0.093187  ...        207.4       196    11.4
0    0.221360  0.129607  0.078781  ...        213.9       198    15.9

[4 rows x 8 columns]
FREQUENCY model: Mean absolute Error: 5.820937019969284
FREQUENCY model: number of tests : 31
FREQUENCY model: MAX ABSOLUTE Error: 16.5
FREQUENCY model: MAX RELATIVE Error: 1.0854922279792747
--------------------------------------
num_estimators = 11


 Y-value shapes:
(123,)
(31,)
(31,)
(123, 1)
(31, 1)
(31, 1)



 THE FAILED TESTS (>5%) ARE:
         %LUT       %FF      %DSP  ...  Predicted 0  Actual 0     Diff 0
21   0.414199  0.233159  0.155210  ...   208.636364       193  15.636364
121  0.226581  0.127571  0.065074  ...   212.272727       200  12.272727
192  0.316069  0.180741  0.093187  ...   205.909091       196   9.909091
0    0.221360  0.129607  0.078781  ...   213.636364       198  15.636364

[4 rows x 8 columns]
FREQUENCY model: Mean absolute Error: 5.693227202904628
FREQUENCY model: number of tests : 31
FREQUENCY model: MAX ABSOLUTE Error: 15.636363636363626
FREQUENCY model: MAX RELATIVE Error: 1.0810174281676872
--------------------------------------
num_estimators = 12


 Y-value shapes:
(123,)
(31,)
(31,)
(123, 1)
(31, 1)
(31, 1)



 THE FAILED TESTS (>5%) ARE:
         %LUT       %FF      %DSP  ...  Predicted 0  Actual 0     Diff 0
21   0.414199  0.233159  0.155210  ...   207.833333       193  14.833333
121  0.226581  0.127571  0.065074  ...   212.583333       200  12.583333
0    0.221360  0.129607  0.078781  ...   213.416667       198  15.416667

[3 rows x 8 columns]
FREQUENCY model: Mean absolute Error: 5.5924475166410685
FREQUENCY model: number of tests : 31
FREQUENCY model: MAX ABSOLUTE Error: 15.416666666666657
FREQUENCY model: MAX RELATIVE Error: 1.0778619528619529
--------------------------------------
num_estimators = 13


 Y-value shapes:
(123,)
(31,)
(31,)
(123, 1)
(31, 1)
(31, 1)



 THE FAILED TESTS (>5%) ARE:
         %LUT       %FF      %DSP  ...  Predicted 0  Actual 0     Diff 0
21   0.414199  0.233159  0.155210  ...   208.923077       193  15.923077
121  0.226581  0.127571  0.065074  ...   212.307692       200  12.307692
0    0.221360  0.129607  0.078781  ...   213.230769       198  15.230769

[3 rows x 8 columns]
FREQUENCY model: Mean absolute Error: 5.632399858206308
FREQUENCY model: number of tests : 31
FREQUENCY model: MAX ABSOLUTE Error: 15.923076923076934
FREQUENCY model: MAX RELATIVE Error: 1.0825029892387406
--------------------------------------
num_estimators = 14


 Y-value shapes:
(123,)
(31,)
(31,)
(123, 1)
(31, 1)
(31, 1)



 THE FAILED TESTS (>5%) ARE:
         %LUT       %FF      %DSP  ...  Predicted 0  Actual 0     Diff 0
21   0.414199  0.233159  0.155210  ...   206.785714       193  13.785714
121  0.226581  0.127571  0.065074  ...   212.071429       200  12.071429
0    0.221360  0.129607  0.078781  ...   213.714286       198  15.714286

[3 rows x 8 columns]
FREQUENCY model: Mean absolute Error: 5.639532587228441
FREQUENCY model: number of tests : 31
FREQUENCY model: MAX ABSOLUTE Error: 15.714285714285722
FREQUENCY model: MAX RELATIVE Error: 1.0793650793650793
--------------------------------------
num_estimators = 15


 Y-value shapes:
(123,)
(31,)
(31,)
(123, 1)
(31, 1)
(31, 1)



 THE FAILED TESTS (>5%) ARE:
         %LUT       %FF      %DSP  ...  Predicted 0  Actual 0     Diff 0
21   0.414199  0.233159  0.155210  ...   207.800000       193  14.800000
121  0.226581  0.127571  0.065074  ...   211.866667       200  11.866667
0    0.221360  0.129607  0.078781  ...   214.466667       198  16.466667

[3 rows x 8 columns]
FREQUENCY model: Mean absolute Error: 5.644029697900669
FREQUENCY model: number of tests : 31
FREQUENCY model: MAX ABSOLUTE Error: 16.46666666666667
FREQUENCY model: MAX RELATIVE Error: 1.0831649831649832
--------------------------------------
num_estimators = 16


 Y-value shapes:
(123,)
(31,)
(31,)
(123, 1)
(31, 1)
(31, 1)



 THE FAILED TESTS (>5%) ARE:
         %LUT       %FF      %DSP  ...  Predicted 0  Actual 0   Diff 0
21   0.414199  0.233159  0.155210  ...     208.5000       193  15.5000
121  0.226581  0.127571  0.065074  ...     212.1250       200  12.1250
0    0.221360  0.129607  0.078781  ...     214.8125       198  16.8125

[3 rows x 8 columns]
FREQUENCY model: Mean absolute Error: 5.726761712749616
FREQUENCY model: number of tests : 31
FREQUENCY model: MAX ABSOLUTE Error: 16.8125
FREQUENCY model: MAX RELATIVE Error: 1.0849116161616161
--------------------------------------
num_estimators = 17


 Y-value shapes:
(123,)
(31,)
(31,)
(123, 1)
(31, 1)
(31, 1)



 THE FAILED TESTS (>5%) ARE:
         %LUT       %FF      %DSP  ...  Predicted 0  Actual 0     Diff 0
21   0.414199  0.233159  0.155210  ...   209.294118       193  16.294118
121  0.226581  0.127571  0.065074  ...   212.352941       200  12.352941
0    0.221360  0.129607  0.078781  ...   214.000000       198  16.000000

[3 rows x 8 columns]
FREQUENCY model: Mean absolute Error: 5.6555480256618775
FREQUENCY model: number of tests : 31
FREQUENCY model: MAX ABSOLUTE Error: 16.294117647058812
FREQUENCY model: MAX RELATIVE Error: 1.0844254800365742
--------------------------------------
num_estimators = 18


 Y-value shapes:
(123,)
(31,)
(31,)
(123, 1)
(31, 1)
(31, 1)



 THE FAILED TESTS (>5%) ARE:
         %LUT       %FF      %DSP  ...  Predicted 0  Actual 0     Diff 0
21   0.414199  0.233159  0.155210  ...   207.611111       193  14.611111
121  0.226581  0.127571  0.065074  ...   212.555556       200  12.555556
0    0.221360  0.129607  0.078781  ...   213.722222       198  15.722222

[3 rows x 8 columns]
FREQUENCY model: Mean absolute Error: 5.569546850998463
FREQUENCY model: number of tests : 31
FREQUENCY model: MAX ABSOLUTE Error: 15.722222222222229
FREQUENCY model: MAX RELATIVE Error: 1.0794051627384962
--------------------------------------
num_estimators = 19


 Y-value shapes:
(123,)
(31,)
(31,)
(123, 1)
(31, 1)
(31, 1)



 THE FAILED TESTS (>5%) ARE:
         %LUT       %FF      %DSP  ...  Predicted 0  Actual 0     Diff 0
21   0.414199  0.233159  0.155210  ...   208.447368       193  15.447368
121  0.226581  0.127571  0.065074  ...   212.315789       200  12.315789
0    0.221360  0.129607  0.078781  ...   213.578947       198  15.578947

[3 rows x 8 columns]
FREQUENCY model: Mean absolute Error: 5.76001697792869
FREQUENCY model: number of tests : 31
FREQUENCY model: MAX ABSOLUTE Error: 15.57894736842104
FREQUENCY model: MAX RELATIVE Error: 1.0800381783474229
MINIMIZED at 8
