


ALL OF OUR DATA:
     Anomalous fail?   H  T  S   B   L  ...  kLUT   kFF  BRAM  URAM   DSP  SLOTS_USED
0                  0   3  4  8  16  16  ...   328   375   556   144   724           3
1                  0   3  5  8  16  16  ...   385   422   492   156   820           3
2                  0   3  6  8  16  16  ...   417   450   446   165   820           3
3                  0   3  7  8  16  16  ...   450   477   415   180   820           3
4                  0   3  8  8  16  16  ...   454   481   556   144   724           3
..               ...  .. .. ..  ..  ..  ...   ...   ...   ...   ...   ...         ...
244                0  12  8  6  16  10  ...  1004  1018  1097   360  2452           6
247                0  14  8  6  16  10  ...  1144  1156  1244   420  2860           6
248                0  14  8  6  16  10  ...  1144  1156  1244   420  2860           6
249                0  15  8  6  16  10  ...  1214  1225  1318   450  3064           6
250                0  15  8  6  16  10  ...  1214  1225  1318   450  3064           6

[200 rows x 20 columns]
154 passing builds
46 failed  builds



ALL OF THE TRAINING DATA:

     Anomalous fail?   H   T  S   B  ...   kFF  BRAM  URAM   DSP  SLOTS_USED
2                  0   3   6  8  16  ...   450   446   165   820           3
41                 0   7   9  8  16  ...   980   964   392  1908           6
233                0   7   8  6  16  ...   670   725   210  1432           5
196                0   4   9  8  16  ...   642   838   308  1092           4
113                0   7   9  2  16  ...   324   962   392   480           5
..               ...  ..  .. ..  ..  ...   ...   ...   ...   ...         ...
51                 0   8  10  8  16  ...  1164   977   448  2180           6
145                0  11   9  2  16  ...   406  1396   616   752           6
79                 0  11  11  8  16  ...  1626  1175   594  2996           6
250                0  15   8  6  16  ...  1225  1318   450  3064           6
210                0   8   9  8  16  ...  1093  1073   448  2180           6

[159 rows x 20 columns]



ALL OF THE TESTING DATA:

     Anomalous fail?   H   T  S   B  ...   kFF  BRAM  URAM   DSP  SLOTS_USED
154                0   3   9  8   4  ...   529   532   168   820           4
153                0   3   9  8   2  ...   529   532   168   820           3
162                0   5   9  8   4  ...   752   749   280  1364           5
8                  0   3  12  8  16  ...   612   454   180   820           5
98                 0   5   9  3  16  ...   341   749   280   514           5
119                0   7   9  8  16  ...   980   964   392  1908           6
5                  0   3   9  8  16  ...   531   532   168   820           4
129                0   9   9  2  16  ...   366  1179   504   616           6
25                 0   5  11  8  16  ...   847   649   270  1364           6
3                  0   3   7  8  16  ...   477   415   180   820           3
124                0   8   9  5  16  ...   652  1070   448  1364           5
165                0   6   9  8   2  ...   865   857   336  1636           6
34                 0   6  11  8  16  ...   975   736   324  1636           6
21                 0   5   7  8  16  ...   666   554   300  1364           5
100                0   5   9  5  16  ...   478   747   280   854           5
121                0   8   9  2  16  ...   344  1070   448   548           5
118                0   7   9  7  16  ...   839   962   392  1670           6
167                0   6   9  8   8  ...   867   857   336  1636           6
192                0   3   9  8  16  ...   531   682   231   820           4
1                  0   3   5  8  16  ...   422   492   156   820           3
73                 0  11   5  8  16  ...  1036  1252   572  2996           6
90                 0   4   9  3  16  ...   309   640   224   412           4
110                0   6   9  7  16  ...   747   857   336  1432           6
116                0   7   9  5  16  ...   595   964   392  1194           5
226                0   3   8  6  16  ...   396   430    90   616           2
0                  0   3   4  8  16  ...   375   556   144   724           3
240                0  10   8  6  16  ...   881   949   300  2044           6
47                 0   8   6  8  16  ...   877   840   440  2180           6
169                0   7   9  8   2  ...   975   962   392  1908           6
239                0  10   8  6  16  ...   881   949   300  2044           6
227                0   4   8  6  16  ...   463   503   120   820           3
213                0   9   9  8  16  ...  1206   947   378  2452           6
178                0   9   9  8   4  ...  1201  1181   504  2452           6
140                0  10   9  5  16  ...   771  1286   560  1704           6
222                0  11   9  8  16  ...  1431  1396   616  2996           6
179                0   9   9  8   8  ...  1205  1179   504  2452           6
74                 0  11   6  8  16  ...  1135  1076   605  2996           6
142                0  10   9  7  16  ...  1119  1288   560  2384           6
148                0  11   9  5  16  ...   829  1394   616  1874           6
139                0  10   9  4  16  ...   625  1286   560  1364           6
212                0   8   9  8  16  ...  1091  1472   616  2180           6

[41 rows x 20 columns]






 PREDICTING RESOURCE USAGES NOW
--------------------------------------
num_estimators = 6
THE X TEST DATA IS:
      H   T  S   B   L  H*T*S  H*L
154   3   9  8   4  16    216   48
153   3   9  8   2  16    216   48
162   5   9  8   4  16    360   80
8     3  12  8  16  16    288   48
98    5   9  3  16  16    135   80
119   7   9  8  16  16    504  112
5     3   9  8  16  16    216   48
129   9   9  2  16  16    162  144
25    5  11  8  16  16    440   80
3     3   7  8  16  16    168   48
124   8   9  5  16  16    360  128
165   6   9  8   2  16    432   96
34    6  11  8  16  16    528   96
21    5   7  8  16  16    280   80
100   5   9  5  16  16    225   80
121   8   9  2  16  16    144  128
118   7   9  7  16  16    441  112
167   6   9  8   8  16    432   96
192   3   9  8  16  24    216   72
1     3   5  8  16  16    120   48
73   11   5  8  16  16    440  176
90    4   9  3  16  16    108   64
110   6   9  7  16  16    378   96
116   7   9  5  16  16    315  112
226   3   8  6  16  10    144   30
0     3   4  8  16  16     96   48
240  10   8  6  16  10    480  100
47    8   6  8  16  16    384  128
169   7   9  8   2  16    504  112
239  10   8  6  16  10    480  100
227   4   8  6  16  10    192   40
213   9   9  8  16  12    648  108
178   9   9  8   4  16    648  144
140  10   9  5  16  16    450  160
222  11   9  8  16  16    792  176
179   9   9  8   8  16    648  144
74   11   6  8  16  16    528  176
142  10   9  7  16  16    630  160
148  11   9  5  16  16    495  176
139  10   9  4  16  16    360  160
212   8   9  8  16  24    576  192




THE Y TEST DATA IS:
     kLUT   kFF  BRAM  URAM   DSP
154   505   529   532   168   820
153   503   529   532   168   820
162   735   752   749   280  1364
8     608   612   454   180   820
98    325   341   749   280   514
119   981   980   964   392  1908
5     512   531   532   168   820
129   351   366  1179   504   616
25    854   847   649   270  1364
3     450   477   415   180   820
124   658   652  1070   448  1364
165   845   865   857   336  1636
34    991   975   736   324  1636
21    643   666   554   300  1364
100   471   478   747   280   854
121   327   344  1070   448   548
118   833   839   962   392  1670
167   856   867   857   336  1636
192   517   531   682   231   820
1     385   422   492   156   820
73    987  1036  1252   572  2996
90    290   309   640   224   412
110   738   747   857   336  1432
116   596   595   964   392  1194
226   369   396   430    90   616
0     328   375   556   144   724
240   865   881   949   300  2044
47    843   877   840   440  2180
169   958   975   962   392  1908
239   864   881   949   300  2044
227   439   463   503   120   820
213  1213  1206   947   378  2452
178  1194  1201  1181   504  2452
140   786   771  1286   560  1704
222  1450  1431  1396   616  2996
179  1204  1205  1179   504  2452
74   1099  1135  1076   605  2996
142  1123  1119  1288   560  2384
148   847   829  1394   616  1874
139   629   625  1286   560  1364
212  1109  1091  1472   616  2180


TRAINING DATA STATISTICS:
     #points = 159
     min     = kLUT    219
kFF     244
BRAM    430
URAM     90
DSP     208
dtype: int64
     max     = kLUT    1801
kFF     1726
BRAM    1631
URAM     693
DSP     3064
dtype: int64
     mean    = kLUT     768.201258
kFF      780.364780
BRAM     885.025157
URAM     348.018868
DSP     1561.157233
dtype: float64
     var     = kLUT     90437.212403
kFF      82923.347106
BRAM     70500.543667
URAM     18383.854072
DSP     458478.348539
dtype: float64


TESTING DATA STATISTICS:
     #points = 41
     min     = kLUT    290
kFF     309
BRAM    415
URAM     90
DSP     412
dtype: int64
     max     = kLUT    1450
kFF     1431
BRAM    1472
URAM     616
DSP     2996
dtype: int64
     mean    = kLUT     738.560976
kFF      750.024390
BRAM     882.658537
URAM     357.804878
DSP     1498.487805
dtype: float64
     var     = kLUT     88716.002439
kFF      84188.624390
BRAM     90756.830488
URAM     24508.010976
DSP     546609.756098
dtype: float64






 Y-value shapes:
(159, 5)
(41, 5)
(41, 5)



 THE FAILED TESTS (>5%) ARE:
      H   T  S   B   L  ...  Actual 3      Diff 3  Predicted 4  Actual 4      Diff 4
154   3   9  8   4  16  ...       168    0.000000   820.000000       820    0.000000
153   3   9  8   2  16  ...       168    0.000000   820.000000       820    0.000000
162   5   9  8   4  16  ...       280    0.000000  1364.000000      1364    0.000000
8     3  12  8  16  16  ...       180   22.000000  1001.333333       820  181.333333
98    5   9  3  16  16  ...       280    9.333333   423.333333       514   90.666667
119   7   9  8  16  16  ...       392    0.000000  1908.000000      1908    0.000000
5     3   9  8  16  16  ...       168    0.000000   820.000000       820    0.000000
129   9   9  2  16  16  ...       504   46.666667   650.000000       616   34.000000
25    5  11  8  16  16  ...       270   24.000000  1556.666667      1364  192.666667
3     3   7  8  16  16  ...       180    6.666667   910.666667       820   90.666667
124   8   9  5  16  16  ...       448   66.166667  1205.333333      1364  158.666667
165   6   9  8   2  16  ...       336    0.000000  1636.000000      1636    0.000000
34    6  11  8  16  16  ...       324   29.333333  1749.333333      1636  113.333333
21    5   7  8  16  16  ...       300   20.666667  1401.333333      1364   37.333333
100   5   9  5  16  16  ...       280   22.000000   865.333333       854   11.333333
121   8   9  2  16  16  ...       448   74.666667   491.333333       548   56.666667
118   7   9  7  16  16  ...       392   56.000000  1676.000000      1670    6.000000
167   6   9  8   8  16  ...       336    0.000000  1636.000000      1636    0.000000
192   3   9  8  16  24  ...       231   39.666667   820.000000       820    0.000000
1     3   5  8  16  16  ...       156   25.166667   913.333333       820   93.333333
73   11   5  8  16  16  ...       572   70.500000  2506.666667      2996  489.333333
90    4   9  3  16  16  ...       224    9.333333   366.666667       412   45.333333
110   6   9  7  16  16  ...       336    5.333333  1404.000000      1432   28.000000
116   7   9  5  16  16  ...       392    9.333333  1046.666667      1194  147.333333
226   3   8  6  16  10  ...        90   22.500000   718.000000       616  102.000000
0     3   4  8  16  16  ...       144   34.500000   892.000000       724  168.000000
240  10   8  6  16  10  ...       300   87.833333  2044.000000      2044    0.000000
47    8   6  8  16  16  ...       440   57.166667  1953.333333      2180  226.666667
169   7   9  8   2  16  ...       392    0.000000  1908.000000      1908    0.000000
239  10   8  6  16  10  ...       300   87.833333  2044.000000      2044    0.000000
227   4   8  6  16  10  ...       120   17.333333   797.333333       820   22.666667
213   9   9  8  16  12  ...       378  110.833333  2497.333333      2452   45.333333
178   9   9  8   4  16  ...       504   40.833333  2497.333333      2452   45.333333
140  10   9  5  16  16  ...       560   28.000000  1766.333333      1704   62.333333
222  11   9  8  16  16  ...       616   28.000000  2673.000000      2996  323.000000
179   9   9  8   8  16  ...       504   40.833333  2497.333333      2452   45.333333
74   11   6  8  16  16  ...       605   85.500000  2395.333333      2996  600.666667
142  10   9  7  16  16  ...       560    9.333333  2565.333333      2384  181.333333
148  11   9  5  16  16  ...       616   65.333333  1834.333333      1874   39.666667
139  10   9  4  16  16  ...       560   18.666667  1420.666667      1364   56.666667
212   8   9  8  16  24  ...       616   74.666667  2208.333333      2180   28.333333

[41 rows x 22 columns]
RESOURCE EST model: column 0 Mean absolute Error: 34.28373983739838
RESOURCE EST model: column 1 Mean absolute Error: 33.182926829268304
RESOURCE EST model: column 2 Mean absolute Error: 59.252032520325194
RESOURCE EST model: column 3 Mean absolute Error: 32.829268292682926
RESOURCE EST model: column 4 Mean absolute Error: 90.81300813008133
RESOURCE EST model: number of tests : 41
RESOURCE EST model: MAX Error column 0: 157.5
RESOURCE EST model: MAX Error column 1: 151.16666666666674
RESOURCE EST model: MAX Error column 2: 293.83333333333326
RESOURCE EST model: MAX Error column 3: 110.83333333333331
RESOURCE EST model: MAX Error column 4: 600.6666666666665
--------------------------------------
num_estimators = 8


 Y-value shapes:
(159, 5)
(41, 5)
(41, 5)



 THE FAILED TESTS (>5%) ARE:
      H   T  S   B   L  ...  Actual 3  Diff 3  Predicted 4  Actual 4  Diff 4
154   3   9  8   4  16  ...       168   0.000       820.00       820    0.00
153   3   9  8   2  16  ...       168   0.000       820.00       820    0.00
162   5   9  8   4  16  ...       280   0.000      1364.00      1364    0.00
8     3  12  8  16  16  ...       180  19.750       990.00       820  170.00
98    5   9  3  16  16  ...       280   0.000       480.00       514   34.00
119   7   9  8  16  16  ...       392   0.000      1908.00      1908    0.00
5     3   9  8  16  16  ...       168   0.000       820.00       820    0.00
129   9   9  2  16  16  ...       504  49.000       662.75       616   46.75
25    5  11  8  16  16  ...       270  13.500      1576.50      1364  212.50
3     3   7  8  16  16  ...       180   1.625       862.50       820   42.50
124   8   9  5  16  16  ...       448  49.625      1236.50      1364  127.50
165   6   9  8   2  16  ...       336   0.000      1636.00      1636    0.00
34    6  11  8  16  16  ...       324  22.750      1755.00      1636  119.00
21    5   7  8  16  16  ...       300  23.000      1349.50      1364   14.50
100   5   9  5  16  16  ...       280   9.500       879.50       854   25.50
121   8   9  2  16  16  ...       448  70.000       488.50       548   59.50
118   7   9  7  16  16  ...       392  50.750      1672.00      1670    2.00
167   6   9  8   8  16  ...       336   0.000      1636.00      1636    0.00
192   3   9  8  16  24  ...       231  28.500       863.50       820   43.50
1     3   5  8  16  16  ...       156  11.750       864.50       820   44.50
73   11   5  8  16  16  ...       572  57.000      2467.50      2996  528.50
90    4   9  3  16  16  ...       224   7.000       378.00       412   34.00
110   6   9  7  16  16  ...       336   4.000      1402.50      1432   29.50
116   7   9  5  16  16  ...       392  14.000      1100.50      1194   93.50
226   3   8  6  16  10  ...        90  16.875       692.50       616   76.50
0     3   4  8  16  16  ...       144  21.750       848.50       724  124.50
240  10   8  6  16  10  ...       300  81.125      2052.50      2044    8.50
47    8   6  8  16  16  ...       440  52.750      1976.00      2180  204.00
169   7   9  8   2  16  ...       392   0.000      1908.00      1908    0.00
239  10   8  6  16  10  ...       300  81.125      2052.50      2044    8.50
227   4   8  6  16  10  ...       120   9.250       777.50       820   42.50
213   9   9  8  16  12  ...       378  97.125      2503.00      2452   51.00
178   9   9  8   4  16  ...       504  30.625      2447.75      2452    4.25
140  10   9  5  16  16  ...       560  54.000      1875.75      1704  171.75
222  11   9  8  16  16  ...       616  28.000      2673.00      2996  323.00
179   9   9  8   8  16  ...       504  30.625      2447.75      2452    4.25
74   11   6  8  16  16  ...       605  70.875      2384.00      2996  612.00
142  10   9  7  16  16  ...       560  26.000      2537.00      2384  153.00
148  11   9  5  16  16  ...       616  63.000      1886.75      1874   12.75
139  10   9  4  16  16  ...       560  31.000      1519.50      1364  155.50
212   8   9  8  16  24  ...       616  74.375      2231.00      2180   51.00

[41 rows x 22 columns]
RESOURCE EST model: column 0 Mean absolute Error: 30.355792682926833
RESOURCE EST model: column 1 Mean absolute Error: 30.576219512195124
RESOURCE EST model: column 2 Mean absolute Error: 55.00914634146341
RESOURCE EST model: column 3 Mean absolute Error: 29.274390243902438
RESOURCE EST model: column 4 Mean absolute Error: 88.54268292682927
RESOURCE EST model: number of tests : 41
RESOURCE EST model: MAX Error column 0: 161.625
RESOURCE EST model: MAX Error column 1: 154.875
RESOURCE EST model: MAX Error column 2: 273.25
RESOURCE EST model: MAX Error column 3: 97.125
RESOURCE EST model: MAX Error column 4: 612.0
--------------------------------------
num_estimators = 10


 Y-value shapes:
(159, 5)
(41, 5)
(41, 5)



 THE FAILED TESTS (>5%) ARE:
      H   T  S   B   L  ...  Actual 3  Diff 3  Predicted 4  Actual 4  Diff 4
154   3   9  8   4  16  ...       168     0.0        820.0       820     0.0
153   3   9  8   2  16  ...       168     0.0        820.0       820     0.0
162   5   9  8   4  16  ...       280     0.0       1364.0      1364     0.0
8     3  12  8  16  16  ...       180    18.4        983.2       820   163.2
98    5   9  3  16  16  ...       280     5.6        493.6       514    20.4
119   7   9  8  16  16  ...       392     0.0       1908.0      1908     0.0
5     3   9  8  16  16  ...       168     0.0        820.0       820     0.0
129   9   9  2  16  16  ...       504    28.0        667.0       616    51.0
25    5  11  8  16  16  ...       270    10.0       1578.2      1364   214.2
3     3   7  8  16  16  ...       180     1.1        813.2       820     6.8
124   8   9  5  16  16  ...       448    39.7       1316.4      1364    47.6
165   6   9  8   2  16  ...       336     0.0       1636.0      1636     0.0
34    6  11  8  16  16  ...       324    25.4       1731.2      1636    95.2
21    5   7  8  16  16  ...       300    17.4       1345.6      1364    18.4
100   5   9  5  16  16  ...       280    18.8        888.0       854    34.0
121   8   9  2  16  16  ...       448    50.4        531.0       548    17.0
118   7   9  7  16  16  ...       392    51.8       1674.4      1670     4.4
167   6   9  8   8  16  ...       336     0.0       1636.0      1636     0.0
192   3   9  8  16  24  ...       231    33.3        854.8       820    34.8
1     3   5  8  16  16  ...       156    15.8        842.0       820    22.0
73   11   5  8  16  16  ...       572    60.0       2464.4      2996   531.6
90    4   9  3  16  16  ...       224    16.8        364.4       412    47.6
110   6   9  7  16  16  ...       336     5.6       1430.0      1432     2.0
116   7   9  5  16  16  ...       392    11.2       1166.8      1194    27.2
226   3   8  6  16  10  ...        90    29.1        667.0       616    51.0
0     3   4  8  16  16  ...       144    26.2        829.2       724   105.2
240  10   8  6  16  10  ...       300    64.9       2050.8      2044     6.8
47    8   6  8  16  16  ...       440    36.6       2071.2      2180   108.8
169   7   9  8   2  16  ...       392     0.0       1908.0      1908     0.0
239  10   8  6  16  10  ...       300    64.9       2050.8      2044     6.8
227   4   8  6  16  10  ...       120    29.0        786.0       820    34.0
213   9   9  8  16  12  ...       378   102.9       2492.8      2452    40.8
178   9   9  8   4  16  ...       504    24.5       2448.6      2452     3.4
140  10   9  5  16  16  ...       560    54.4       1838.0      1704   134.0
222  11   9  8  16  16  ...       616    28.0       2673.0      2996   323.0
179   9   9  8   8  16  ...       504    24.5       2448.6      2452     3.4
74   11   6  8  16  16  ...       605    69.7       2397.6      2996   598.4
142  10   9  7  16  16  ...       560    37.6       2462.2      2384    78.2
148  11   9  5  16  16  ...       616    67.2       1897.8      1874    23.8
139  10   9  4  16  16  ...       560    30.4       1502.0      1364   138.0
212   8   9  8  16  24  ...       616    94.7       2219.2      2180    39.2

[41 rows x 22 columns]
RESOURCE EST model: column 0 Mean absolute Error: 26.142125435540077
RESOURCE EST model: column 1 Mean absolute Error: 26.358536585365865
RESOURCE EST model: column 2 Mean absolute Error: 55.70975609756098
RESOURCE EST model: column 3 Mean absolute Error: 29.11951219512196
RESOURCE EST model: column 4 Mean absolute Error: 73.95609756097562
RESOURCE EST model: number of tests : 41
RESOURCE EST model: MAX Error column 0: 154.20000000000005
RESOURCE EST model: MAX Error column 1: 148.20000000000005
RESOURCE EST model: MAX Error column 2: 265.4000000000001
RESOURCE EST model: MAX Error column 3: 102.89999999999998
RESOURCE EST model: MAX Error column 4: 598.4000000000001
--------------------------------------
num_estimators = 12


 Y-value shapes:
(159, 5)
(41, 5)
(41, 5)



 THE FAILED TESTS (>5%) ARE:
      H   T  S   B   L  ...  Actual 3      Diff 3  Predicted 4  Actual 4      Diff 4
154   3   9  8   4  16  ...       168    0.000000   820.000000       820    0.000000
153   3   9  8   2  16  ...       168    0.000000   820.000000       820    0.000000
162   5   9  8   4  16  ...       280    0.000000  1364.000000      1364    0.000000
8     3  12  8  16  16  ...       180   22.666667  1001.333333       820  181.333333
98    5   9  3  16  16  ...       280    9.333333   474.333333       514   39.666667
119   7   9  8  16  16  ...       392    0.000000  1908.000000      1908    0.000000
5     3   9  8  16  16  ...       168    0.000000   820.000000       820    0.000000
129   9   9  2  16  16  ...       504    9.333333   675.500000       616   59.500000
25    5  11  8  16  16  ...       270   12.333333  1587.833333      1364  223.833333
3     3   7  8  16  16  ...       180    5.166667   806.333333       820   13.666667
124   8   9  5  16  16  ...       448   23.750000  1301.666667      1364   62.333333
165   6   9  8   2  16  ...       336    0.000000  1636.000000      1636    0.000000
34    6  11  8  16  16  ...       324   23.166667  1760.666667      1636  124.666667
21    5   7  8  16  16  ...       300   23.500000  1312.666667      1364   51.333333
100   5   9  5  16  16  ...       280   20.666667   888.000000       854   34.000000
121   8   9  2  16  16  ...       448   51.333333   522.500000       548   25.500000
118   7   9  7  16  16  ...       392   52.500000  1672.000000      1670    2.000000
167   6   9  8   8  16  ...       336    0.000000  1636.000000      1636    0.000000
192   3   9  8  16  24  ...       231   34.750000   849.000000       820   29.000000
1     3   5  8  16  16  ...       156   16.500000   853.000000       820   33.000000
73   11   5  8  16  16  ...       572   58.666667  2507.666667      2996  488.333333
90    4   9  3  16  16  ...       224   14.000000   366.666667       412   45.333333
110   6   9  7  16  16  ...       336    9.333333  1407.666667      1432   24.333333
116   7   9  5  16  16  ...       392   28.000000  1177.000000      1194   17.000000
226   3   8  6  16  10  ...        90   30.750000   658.500000       616   42.500000
0     3   4  8  16  16  ...       144   25.833333   831.666667       724  107.666667
240  10   8  6  16  10  ...       300   54.583333  2002.666667      2044   41.333333
47    8   6  8  16  16  ...       440   37.333333  2066.666667      2180  113.333333
169   7   9  8   2  16  ...       392    0.000000  1908.000000      1908    0.000000
239  10   8  6  16  10  ...       300   54.583333  2002.666667      2044   41.333333
227   4   8  6  16  10  ...       120   26.666667   808.666667       820   11.333333
213   9   9  8  16  12  ...       378  100.750000  2463.333333      2452   11.333333
178   9   9  8   4  16  ...       504   20.416667  2449.166667      2452    2.833333
140  10   9  5  16  16  ...       560   54.666667  1812.833333      1704  108.833333
222  11   9  8  16  16  ...       616   32.666667  2681.500000      2996  314.500000
179   9   9  8   8  16  ...       504   20.416667  2449.166667      2452    2.833333
74   11   6  8  16  16  ...       605   72.750000  2361.333333      2996  634.666667
142  10   9  7  16  16  ...       560   31.333333  2418.000000      2384   34.000000
148  11   9  5  16  16  ...       616   65.333333  1834.333333      1874   39.666667
139  10   9  4  16  16  ...       560   34.666667  1456.333333      1364   92.333333
212   8   9  8  16  24  ...       616   88.250000  2215.500000      2180   35.500000

[41 rows x 22 columns]
RESOURCE EST model: column 0 Mean absolute Error: 24.556649245063877
RESOURCE EST model: column 1 Mean absolute Error: 24.49390243902439
RESOURCE EST model: column 2 Mean absolute Error: 53.971544715447166
RESOURCE EST model: column 3 Mean absolute Error: 28.43902439024389
RESOURCE EST model: column 4 Mean absolute Error: 75.33739837398376
RESOURCE EST model: number of tests : 41
RESOURCE EST model: MAX Error column 0: 142.33333333333326
RESOURCE EST model: MAX Error column 1: 135.25
RESOURCE EST model: MAX Error column 2: 237.75
RESOURCE EST model: MAX Error column 3: 100.75
RESOURCE EST model: MAX Error column 4: 634.6666666666665
--------------------------------------
num_estimators = 14


 Y-value shapes:
(159, 5)
(41, 5)
(41, 5)



 THE FAILED TESTS (>5%) ARE:
      H   T  S   B   L  ...  Actual 3      Diff 3  Predicted 4  Actual 4      Diff 4
154   3   9  8   4  16  ...       168    0.000000   820.000000       820    0.000000
153   3   9  8   2  16  ...       168    0.000000   820.000000       820    0.000000
162   5   9  8   4  16  ...       280    0.000000  1364.000000      1364    0.000000
8     3  12  8  16  16  ...       180   21.285714   994.857143       820  174.857143
98    5   9  3  16  16  ...       280    8.000000   455.714286       514   58.285714
119   7   9  8  16  16  ...       392    0.000000  1908.000000      1908    0.000000
5     3   9  8  16  16  ...       168    3.000000   820.000000       820    0.000000
129   9   9  2  16  16  ...       504   12.000000   662.142857       616   46.142857
25    5  11  8  16  16  ...       270    9.285714  1609.285714      1364  245.285714
3     3   7  8  16  16  ...       180    6.357143   793.714286       820   26.285714
124   8   9  5  16  16  ...       448   16.357143  1281.428571      1364   82.571429
165   6   9  8   2  16  ...       336    0.000000  1636.000000      1636    0.000000
34    6  11  8  16  16  ...       324   22.571429  1781.714286      1636  145.714286
21    5   7  8  16  16  ...       300   20.857143  1339.428571      1364   24.571429
100   5   9  5  16  16  ...       280   17.714286   878.285714       854   24.285714
121   8   9  2  16  16  ...       448   52.000000   516.428571       548   31.571429
118   7   9  7  16  16  ...       392   53.000000  1673.714286      1670    3.714286
167   6   9  8   8  16  ...       336    0.000000  1636.000000      1636    0.000000
192   3   9  8  16  24  ...       231   33.285714   844.857143       820   24.857143
1     3   5  8  16  16  ...       156   21.000000   861.142857       820   41.142857
73   11   5  8  16  16  ...       572   57.714286  2538.571429      2996  457.428571
90    4   9  3  16  16  ...       224    8.000000   358.571429       412   53.428571
110   6   9  7  16  16  ...       336   15.428571  1407.142857      1432   24.857143
116   7   9  5  16  16  ...       392   20.000000  1147.857143      1194   46.142857
226   3   8  6  16  10  ...        90   28.500000   667.000000       616   51.000000
0     3   4  8  16  16  ...       144   30.714286   842.857143       724  118.857143
240  10   8  6  16  10  ...       300   46.785714  2008.571429      2044   35.428571
47    8   6  8  16  16  ...       440   16.571429  2034.285714      2180  145.714286
169   7   9  8   2  16  ...       392    0.000000  1908.000000      1908    0.000000
239  10   8  6  16  10  ...       300   46.785714  2008.571429      2044   35.428571
227   4   8  6  16  10  ...       120   25.000000   824.857143       820    4.857143
213   9   9  8  16  12  ...       378   84.357143  2403.428571      2452   48.571429
178   9   9  8   4  16  ...       504   12.357143  2429.000000      2452   23.000000
140  10   9  5  16  16  ...       560   50.857143  1809.428571      1704  105.428571
222  11   9  8  16  16  ...       616   36.000000  2687.571429      2996  308.428571
179   9   9  8   8  16  ...       504   12.357143  2429.000000      2452   23.000000
74   11   6  8  16  16  ...       605   74.500000  2413.142857      2996  582.857143
142  10   9  7  16  16  ...       560   36.857143  2422.857143      2384   38.857143
148  11   9  5  16  16  ...       616   60.000000  1825.428571      1874   48.571429
139  10   9  4  16  16  ...       560   33.714286  1409.142857      1364   45.142857
212   8   9  8  16  24  ...       616  100.785714  2209.285714      2180   29.285714

[41 rows x 22 columns]
RESOURCE EST model: column 0 Mean absolute Error: 24.775037332005976
RESOURCE EST model: column 1 Mean absolute Error: 24.78222996515679
RESOURCE EST model: column 2 Mean absolute Error: 53.04529616724739
RESOURCE EST model: column 3 Mean absolute Error: 26.682926829268293
RESOURCE EST model: column 4 Mean absolute Error: 76.96515679442507
RESOURCE EST model: number of tests : 41
RESOURCE EST model: MAX Error column 0: 131.6428571428571
RESOURCE EST model: MAX Error column 1: 138.6428571428571
RESOURCE EST model: MAX Error column 2: 233.8571428571429
RESOURCE EST model: MAX Error column 3: 100.78571428571433
RESOURCE EST model: MAX Error column 4: 582.8571428571427
--------------------------------------
num_estimators = 16


 Y-value shapes:
(159, 5)
(41, 5)
(41, 5)



 THE FAILED TESTS (>5%) ARE:
      H   T  S   B   L  ...  Actual 3    Diff 3  Predicted 4  Actual 4   Diff 4
154   3   9  8   4  16  ...       168    0.0000      820.000       820    0.000
153   3   9  8   2  16  ...       168    0.0000      820.000       820    0.000
162   5   9  8   4  16  ...       280    0.0000     1364.000      1364    0.000
8     3  12  8  16  16  ...       180   24.1250     1007.000       820  187.000
98    5   9  3  16  16  ...       280    3.5000      454.500       514   59.500
119   7   9  8  16  16  ...       392    0.0000     1908.000      1908    0.000
5     3   9  8  16  16  ...       168    2.6250      820.000       820    0.000
129   9   9  2  16  16  ...       504    3.5000      664.875       616   48.875
25    5  11  8  16  16  ...       270    9.3750     1589.250      1364  225.250
3     3   7  8  16  16  ...       180    7.4375      797.000       820   23.000
124   8   9  5  16  16  ...       448    3.8125     1283.250      1364   80.750
165   6   9  8   2  16  ...       336    0.0000     1636.000      1636    0.000
34    6  11  8  16  16  ...       324   21.2500     1776.250      1636  140.250
21    5   7  8  16  16  ...       300   29.5000     1324.000      1364   40.000
100   5   9  5  16  16  ...       280   12.0000      862.500       854    8.500
121   8   9  2  16  16  ...       448   52.5000      526.750       548   21.250
118   7   9  7  16  16  ...       392   42.8750     1656.250      1670   13.750
167   6   9  8   8  16  ...       336    0.0000     1636.000      1636    0.000
192   3   9  8  16  24  ...       231   34.3750      841.750       820   21.750
1     3   5  8  16  16  ...       156   19.5000      856.000       820   36.000
73   11   5  8  16  16  ...       572   56.5000     2556.750      2996  439.250
90    4   9  3  16  16  ...       224   10.5000      344.000       412   68.000
110   6   9  7  16  16  ...       336   17.0000     1418.750      1432   13.250
116   7   9  5  16  16  ...       392   17.5000     1149.375      1194   44.625
226   3   8  6  16  10  ...        90   24.9375      660.625       616   44.625
0     3   4  8  16  16  ...       144   29.5000      840.000       724  116.000
240  10   8  6  16  10  ...       300   44.8125     1991.750      2044   52.250
47    8   6  8  16  16  ...       440   16.2500     2053.500      2180  126.500
169   7   9  8   2  16  ...       392    0.0000     1908.000      1908    0.000
239  10   8  6  16  10  ...       300   44.8125     1991.750      2044   52.250
227   4   8  6  16  10  ...       120   30.0000      854.000       820   34.000
213   9   9  8  16  12  ...       378   80.5625     2375.500      2452   76.500
178   9   9  8   4  16  ...       504   22.6250     2431.875      2452   20.125
140  10   9  5  16  16  ...       560   48.0000     1779.250      1704   75.250
222  11   9  8  16  16  ...       616   35.0000     2685.750      2996  310.250
179   9   9  8   8  16  ...       504   22.6250     2431.875      2452   20.125
74   11   6  8  16  16  ...       605   75.3125     2447.000      2996  549.000
142  10   9  7  16  16  ...       560   35.7500     2381.875      2384    2.125
148  11   9  5  16  16  ...       616   66.5000     1827.250      1874   46.750
139  10   9  4  16  16  ...       560   29.5000     1403.500      1364   39.500
212   8   9  8  16  24  ...       616  102.1875     2197.125      2180   17.125

[41 rows x 22 columns]
RESOURCE EST model: column 0 Mean absolute Error: 25.15376742160279
RESOURCE EST model: column 1 Mean absolute Error: 24.469004065040654
RESOURCE EST model: column 2 Mean absolute Error: 52.59451219512195
RESOURCE EST model: column 3 Mean absolute Error: 26.25
RESOURCE EST model: column 4 Mean absolute Error: 74.47256097560975
RESOURCE EST model: number of tests : 41
RESOURCE EST model: MAX Error column 0: 138.5
RESOURCE EST model: MAX Error column 1: 149.75
RESOURCE EST model: MAX Error column 2: 241.1875
RESOURCE EST model: MAX Error column 3: 102.1875
RESOURCE EST model: MAX Error column 4: 549.0
--------------------------------------
num_estimators = 18


 Y-value shapes:
(159, 5)
(41, 5)
(41, 5)



 THE FAILED TESTS (>5%) ARE:
      H   T  S   B   L  ...  Actual 3      Diff 3  Predicted 4  Actual 4      Diff 4
154   3   9  8   4  16  ...       168    0.000000   820.000000       820    0.000000
153   3   9  8   2  16  ...       168    0.000000   820.000000       820    0.000000
162   5   9  8   4  16  ...       280    0.000000  1364.000000      1364    0.000000
8     3  12  8  16  16  ...       180   26.333333  1016.444444       820  196.444444
98    5   9  3  16  16  ...       280    3.111111   459.222222       514   54.777778
119   7   9  8  16  16  ...       392    0.000000  1908.000000      1908    0.000000
5     3   9  8  16  16  ...       168    2.333333   820.000000       820    0.000000
129   9   9  2  16  16  ...       504    6.222222   668.888889       616   52.888889
25    5  11  8  16  16  ...       270   15.666667  1594.444444      1364  230.444444
3     3   7  8  16  16  ...       180    3.000000   829.777778       820    9.777778
124   8   9  5  16  16  ...       448   10.777778  1277.111111      1364   86.888889
165   6   9  8   2  16  ...       336    0.000000  1636.000000      1636    0.000000
34    6  11  8  16  16  ...       324   21.000000  1790.888889      1636  154.888889
21    5   7  8  16  16  ...       300   22.611111  1339.777778      1364   24.222222
100   5   9  5  16  16  ...       280    4.444444   876.666667       854   22.666667
121   8   9  2  16  16  ...       448   62.222222   525.333333       548   22.666667
118   7   9  7  16  16  ...       392   44.333333  1659.333333      1670   10.666667
167   6   9  8   8  16  ...       336    0.000000  1636.000000      1636    0.000000
192   3   9  8  16  24  ...       231   34.666667   854.444444       820   34.444444
1     3   5  8  16  16  ...       156   18.333333   852.000000       820   32.000000
73   11   5  8  16  16  ...       572   57.388889  2560.222222      2996  435.777778
90    4   9  3  16  16  ...       224   12.444444   359.111111       412   52.888889
110   6   9  7  16  16  ...       336   20.444444  1421.555556      1432   10.444444
116   7   9  5  16  16  ...       392   15.555556  1150.555556      1194   43.444444
226   3   8  6  16  10  ...        90   31.277778   663.222222       616   47.222222
0     3   4  8  16  16  ...       144   34.944444   811.333333       724   87.333333
240  10   8  6  16  10  ...       300   49.500000  1974.888889      2044   69.111111
47    8   6  8  16  16  ...       440   20.222222  2037.333333      2180  142.666667
169   7   9  8   2  16  ...       392    0.000000  1908.000000      1908    0.000000
239  10   8  6  16  10  ...       300   49.500000  1974.888889      2044   69.111111
227   4   8  6  16  10  ...       120   32.444444   850.222222       820   30.222222
213   9   9  8  16  12  ...       378   81.611111  2368.000000      2452   84.000000
178   9   9  8   4  16  ...       504   16.111111  2418.111111      2452   33.888889
140  10   9  5  16  16  ...       560   52.000000  1774.666667      1704   70.666667
222  11   9  8  16  16  ...       616   37.333333  2690.000000      2996  306.000000
179   9   9  8   8  16  ...       504   16.111111  2418.111111      2452   33.888889
74   11   6  8  16  16  ...       605   84.166667  2447.555556      2996  548.444444
142  10   9  7  16  16  ...       560   31.777778  2344.333333      2384   39.666667
148  11   9  5  16  16  ...       616   69.611111  1832.444444      1874   41.555556
139  10   9  4  16  16  ...       560   34.666667  1459.555556      1364   95.555556
212   8   9  8  16  24  ...       616  103.277778  2187.666667      2180    7.666667

[41 rows x 22 columns]
RESOURCE EST model: column 0 Mean absolute Error: 24.75104529616725
RESOURCE EST model: column 1 Mean absolute Error: 25.01038843721771
RESOURCE EST model: column 2 Mean absolute Error: 54.4349593495935
RESOURCE EST model: column 3 Mean absolute Error: 27.449864498644985
RESOURCE EST model: column 4 Mean absolute Error: 77.61788617886177
RESOURCE EST model: number of tests : 41
RESOURCE EST model: MAX Error column 0: 134.72222222222217
RESOURCE EST model: MAX Error column 1: 144.55555555555554
RESOURCE EST model: MAX Error column 2: 246.8888888888889
RESOURCE EST model: MAX Error column 3: 103.27777777777783
RESOURCE EST model: MAX Error column 4: 548.4444444444443
--------------------------------------
num_estimators = 20


 Y-value shapes:
(159, 5)
(41, 5)
(41, 5)



 THE FAILED TESTS (>5%) ARE:
      H   T  S   B   L  ...  Actual 3  Diff 3  Predicted 4  Actual 4  Diff 4
154   3   9  8   4  16  ...       168    0.00        820.0       820     0.0
153   3   9  8   2  16  ...       168    0.00        820.0       820     0.0
162   5   9  8   4  16  ...       280    0.00       1364.0      1364     0.0
8     3  12  8  16  16  ...       180   28.10       1024.0       820   204.0
98    5   9  3  16  16  ...       280    5.60        447.7       514    66.3
119   7   9  8  16  16  ...       392    0.00       1908.0      1908     0.0
5     3   9  8  16  16  ...       168    2.10        820.0       820     0.0
129   9   9  2  16  16  ...       504    5.60        677.2       616    61.2
25    5  11  8  16  16  ...       270   15.10       1571.4      1364   207.4
3     3   7  8  16  16  ...       180    4.20        828.8       820     8.8
124   8   9  5  16  16  ...       448   15.30       1265.4      1364    98.6
165   6   9  8   2  16  ...       336    0.00       1636.0      1636     0.0
34    6  11  8  16  16  ...       324   19.20       1789.0      1636   153.0
21    5   7  8  16  16  ...       300   26.35       1326.2      1364    37.8
100   5   9  5  16  16  ...       280    4.00        857.4       854     3.4
121   8   9  2  16  16  ...       448   39.20        548.0       548     0.0
118   7   9  7  16  16  ...       392   37.80       1657.0      1670    13.0
167   6   9  8   8  16  ...       336    0.00       1636.0      1636     0.0
192   3   9  8  16  24  ...       231   32.85        864.6       820    44.6
1     3   5  8  16  16  ...       156   17.40        848.8       820    28.8
73   11   5  8  16  16  ...       572   61.00       2508.6      2996   487.4
90    4   9  3  16  16  ...       224   14.00        357.6       412    54.4
110   6   9  7  16  16  ...       336   18.40       1422.6      1432     9.4
116   7   9  5  16  16  ...       392    8.40       1137.9      1194    56.1
226   3   8  6  16  10  ...        90   34.85        655.1       616    39.1
0     3   4  8  16  16  ...       144   33.55        812.2       724    88.2
240  10   8  6  16  10  ...       300   53.25       1961.4      2044    82.6
47    8   6  8  16  16  ...       440   23.70       2024.4      2180   155.6
169   7   9  8   2  16  ...       392    0.00       1908.0      1908     0.0
239  10   8  6  16  10  ...       300   53.25       1961.4      2044    82.6
227   4   8  6  16  10  ...       120   34.40        840.4       820    20.4
213   9   9  8  16  12  ...       378   86.05       2376.4      2452    75.6
178   9   9  8   4  16  ...       504   14.50       2421.5      2452    30.5
140  10   9  5  16  16  ...       560   46.80       1748.9      1704    44.9
222  11   9  8  16  16  ...       616   32.55       2679.8      2996   316.2
179   9   9  8   8  16  ...       504   14.50       2421.5      2452    30.5
74   11   6  8  16  16  ...       605   83.85       2423.4      2996   572.6
142  10   9  7  16  16  ...       560   28.60       2314.3      2384    69.7
148  11   9  5  16  16  ...       616   62.65       1836.6      1874    37.4
139  10   9  4  16  16  ...       560   34.00       1426.2      1364    62.2
212   8   9  8  16  24  ...       616  104.15       2180.1      2180     0.1

[41 rows x 22 columns]
RESOURCE EST model: column 0 Mean absolute Error: 24.745148083623693
RESOURCE EST model: column 1 Mean absolute Error: 24.34227642276422
RESOURCE EST model: column 2 Mean absolute Error: 53.42560975609756
RESOURCE EST model: column 3 Mean absolute Error: 26.713414634146343
RESOURCE EST model: column 4 Mean absolute Error: 79.08292682926827
RESOURCE EST model: number of tests : 41
RESOURCE EST model: MAX Error column 0: 138.0999999999999
RESOURCE EST model: MAX Error column 1: 140.10000000000002
RESOURCE EST model: MAX Error column 2: 251.45000000000005
RESOURCE EST model: MAX Error column 3: 104.14999999999998
RESOURCE EST model: MAX Error column 4: 572.5999999999999
--------------------------------------
num_estimators = 22


 Y-value shapes:
(159, 5)
(41, 5)
(41, 5)



 THE FAILED TESTS (>5%) ARE:
      H   T  S   B   L  ...  Actual 3      Diff 3  Predicted 4  Actual 4      Diff 4
154   3   9  8   4  16  ...       168    0.000000   820.000000       820    0.000000
153   3   9  8   2  16  ...       168    0.000000   820.000000       820    0.000000
162   5   9  8   4  16  ...       280    0.000000  1364.000000      1364    0.000000
8     3  12  8  16  16  ...       180   24.181818  1005.454545       820  185.454545
98    5   9  3  16  16  ...       280    2.545455   456.818182       514   57.181818
119   7   9  8  16  16  ...       392    2.227273  1908.000000      1908    0.000000
5     3   9  8  16  16  ...       168    1.909091   820.000000       820    0.000000
129   9   9  2  16  16  ...       504    0.000000   690.181818       616   74.181818
25    5  11  8  16  16  ...       270   17.181818  1572.636364      1364  208.636364
3     3   7  8  16  16  ...       180    5.181818   828.000000       820    8.000000
124   8   9  5  16  16  ...       448   11.363636  1294.454545      1364   69.545455
165   6   9  8   2  16  ...       336    0.000000  1636.000000      1636    0.000000
34    6  11  8  16  16  ...       324   18.545455  1775.090909      1636  139.090909
21    5   7  8  16  16  ...       300   27.590909  1309.545455      1364   54.454545
100   5   9  5  16  16  ...       280    6.181818   860.181818       854    6.181818
121   8   9  2  16  16  ...       448   40.727273   574.272727       548   26.272727
118   7   9  7  16  16  ...       392   32.909091  1682.000000      1670   12.000000
167   6   9  8   8  16  ...       336    0.000000  1636.000000      1636    0.000000
192   3   9  8  16  24  ...       231   29.772727   872.909091       820   52.909091
1     3   5  8  16  16  ...       156   16.636364   846.181818       820   26.181818
73   11   5  8  16  16  ...       572   59.818182  2524.545455      2996  471.454545
90    4   9  3  16  16  ...       224   10.181818   353.272727       412   58.727273
110   6   9  7  16  16  ...       336   17.818182  1433.272727      1432    1.272727
116   7   9  5  16  16  ...       392   22.909091  1141.454545      1194   52.545455
226   3   8  6  16  10  ...        90   35.227273   651.545455       616   35.545455
0     3   4  8  16  16  ...       144   32.409091   812.909091       724   88.909091
240  10   8  6  16  10  ...       300   51.136364  1987.454545      2044   56.545455
47    8   6  8  16  16  ...       440   20.818182  2038.545455      2180  141.454545
169   7   9  8   2  16  ...       392    0.000000  1908.000000      1908    0.000000
239  10   8  6  16  10  ...       300   51.136364  1987.454545      2044   56.545455
227   4   8  6  16  10  ...       120   33.454545   833.909091       820   13.909091
213   9   9  8  16  12  ...       378   98.272727  2383.272727      2452   68.727273
178   9   9  8   4  16  ...       504   21.772727  2424.272727      2452   27.727273
140  10   9  5  16  16  ...       560   46.909091  1783.454545      1704   79.454545
222  11   9  8  16  16  ...       616   29.590909  2674.545455      2996  321.454545
179   9   9  8   8  16  ...       504   21.772727  2424.272727      2452   27.727273
74   11   6  8  16  16  ...       605   92.590909  2429.090909      2996  566.909091
142  10   9  7  16  16  ...       560   36.454545  2329.909091      2384   54.090909
148  11   9  5  16  16  ...       616   66.409091  1863.181818      1874   10.818182
139  10   9  4  16  16  ...       560   35.272727  1490.090909      1364  126.090909
212   8   9  8  16  24  ...       616  110.681818  2179.363636      2180    0.636364

[41 rows x 22 columns]
RESOURCE EST model: column 0 Mean absolute Error: 25.237828634779838
RESOURCE EST model: column 1 Mean absolute Error: 24.985218033998535
RESOURCE EST model: column 2 Mean absolute Error: 54.66962305986695
RESOURCE EST model: column 3 Mean absolute Error: 27.599778270509983
RESOURCE EST model: column 4 Mean absolute Error: 77.57649667405762
RESOURCE EST model: number of tests : 41
RESOURCE EST model: MAX Error column 0: 146.5454545454545
RESOURCE EST model: MAX Error column 1: 143.81818181818187
RESOURCE EST model: MAX Error column 2: 256.68181818181824
RESOURCE EST model: MAX Error column 3: 110.68181818181819
RESOURCE EST model: MAX Error column 4: 566.909090909091
--------------------------------------
num_estimators = 24


 Y-value shapes:
(159, 5)
(41, 5)
(41, 5)



 THE FAILED TESTS (>5%) ARE:
      H   T  S   B   L  ...  Actual 3      Diff 3  Predicted 4  Actual 4      Diff 4
154   3   9  8   4  16  ...       168    0.000000   820.000000       820    0.000000
153   3   9  8   2  16  ...       168    0.000000   820.000000       820    0.000000
162   5   9  8   4  16  ...       280    0.000000  1364.000000      1364    0.000000
8     3  12  8  16  16  ...       180   25.833333  1012.666667       820  192.666667
98    5   9  3  16  16  ...       280    4.666667   455.916667       514   58.083333
119   7   9  8  16  16  ...       392    2.041667  1908.000000      1908    0.000000
5     3   9  8  16  16  ...       168    1.750000   820.000000       820    0.000000
129   9   9  2  16  16  ...       504    4.666667   678.333333       616   62.333333
25    5  11  8  16  16  ...       270   18.916667  1573.666667      1364  209.666667
3     3   7  8  16  16  ...       180    5.750000   818.833333       820    1.166667
124   8   9  5  16  16  ...       448    8.083333  1296.000000      1364   68.000000
165   6   9  8   2  16  ...       336    0.000000  1636.000000      1636    0.000000
34    6  11  8  16  16  ...       324   16.250000  1783.333333      1636  147.333333
21    5   7  8  16  16  ...       300   26.541667  1318.750000      1364   45.250000
100   5   9  5  16  16  ...       280    8.000000   845.500000       854    8.500000
121   8   9  2  16  16  ...       448   44.333333   563.583333       548   15.583333
118   7   9  7  16  16  ...       392   33.083333  1678.166667      1670    8.166667
167   6   9  8   8  16  ...       336    0.000000  1636.000000      1636    0.000000
192   3   9  8  16  24  ...       231   29.500000   879.833333       820   59.833333
1     3   5  8  16  16  ...       156   16.000000   844.000000       820   24.000000
73   11   5  8  16  16  ...       572   60.208333  2529.833333      2996  466.166667
90    4   9  3  16  16  ...       224    7.000000   361.000000       412   51.000000
110   6   9  7  16  16  ...       336   17.333333  1442.166667      1432   10.166667
116   7   9  5  16  16  ...       392   23.333333  1131.666667      1194   62.333333
226   3   8  6  16  10  ...        90   35.416667   657.083333       616   41.083333
0     3   4  8  16  16  ...       144   31.458333   813.500000       724   89.500000
240  10   8  6  16  10  ...       300   47.875000  1995.000000      2044   49.000000
47    8   6  8  16  16  ...       440   22.083333  2019.166667      2180  160.833333
169   7   9  8   2  16  ...       392    0.000000  1908.000000      1908    0.000000
239  10   8  6  16  10  ...       300   47.875000  1995.000000      2044   49.000000
227   4   8  6  16  10  ...       120   30.666667   832.750000       820   12.750000
213   9   9  8  16  12  ...       378   97.083333  2406.000000      2452   46.000000
178   9   9  8   4  16  ...       504   19.958333  2426.583333      2452   25.416667
140  10   9  5  16  16  ...       560   50.000000  1766.916667      1704   62.916667
222  11   9  8  16  16  ...       616   29.458333  2674.416667      2996  321.583333
179   9   9  8   8  16  ...       504   19.958333  2426.583333      2452   25.416667
74   11   6  8  16  16  ...       605   89.000000  2422.500000      2996  573.500000
142  10   9  7  16  16  ...       560   35.750000  2323.083333      2384   60.916667
148  11   9  5  16  16  ...       616   65.541667  1878.250000      1874    4.250000
139  10   9  4  16  16  ...       560   34.666667  1472.500000      1364  108.500000
212   8   9  8  16  24  ...       616  110.791667  2173.750000      2180    6.250000

[41 rows x 22 columns]
RESOURCE EST model: column 0 Mean absolute Error: 25.53406649245064
RESOURCE EST model: column 1 Mean absolute Error: 25.362466124661246
RESOURCE EST model: column 2 Mean absolute Error: 55.47256097560973
RESOURCE EST model: column 3 Mean absolute Error: 27.338414634146343
RESOURCE EST model: column 4 Mean absolute Error: 76.27235772357723
RESOURCE EST model: number of tests : 41
RESOURCE EST model: MAX Error column 0: 148.83333333333326
RESOURCE EST model: MAX Error column 1: 144.125
RESOURCE EST model: MAX Error column 2: 263.66666666666674
RESOURCE EST model: MAX Error column 3: 110.79166666666669
RESOURCE EST model: MAX Error column 4: 573.5
--------------------------------------
num_estimators = 26


 Y-value shapes:
(159, 5)
(41, 5)
(41, 5)



 THE FAILED TESTS (>5%) ARE:
      H   T  S   B   L  ...  Actual 3      Diff 3  Predicted 4  Actual 4      Diff 4
154   3   9  8   4  16  ...       168    0.000000   820.000000       820    0.000000
153   3   9  8   2  16  ...       168    0.000000   820.000000       820    0.000000
162   5   9  8   4  16  ...       280    0.000000  1364.000000      1364    0.000000
8     3  12  8  16  16  ...       180   25.538462  1024.000000       820  204.000000
98    5   9  3  16  16  ...       280    1.538462   485.615385       514   28.384615
119   7   9  8  16  16  ...       392    1.884615  1908.000000      1908    0.000000
5     3   9  8  16  16  ...       168    1.615385   820.000000       820    0.000000
129   9   9  2  16  16  ...       504    0.000000   678.769231       616   62.769231
25    5  11  8  16  16  ...       270   18.230769  1557.538462      1364  193.538462
3     3   7  8  16  16  ...       180    4.230769   825.461538       820    5.461538
124   8   9  5  16  16  ...       448    1.153846  1313.000000      1364   51.000000
165   6   9  8   2  16  ...       336    0.000000  1636.000000      1636    0.000000
34    6  11  8  16  16  ...       324   14.307692  1790.307692      1636  154.307692
21    5   7  8  16  16  ...       300   29.884615  1305.615385      1364   58.384615
100   5   9  5  16  16  ...       280    9.538462   857.923077       854    3.923077
121   8   9  2  16  16  ...       448   47.384615   554.538462       548    6.538462
118   7   9  7  16  16  ...       392   31.076923  1685.384615      1670   15.384615
167   6   9  8   8  16  ...       336    0.000000  1636.000000      1636    0.000000
192   3   9  8  16  24  ...       231   30.461538   875.230769       820   55.230769
1     3   5  8  16  16  ...       156   19.384615   862.461538       820   42.461538
73   11   5  8  16  16  ...       572   59.576923  2544.769231      2996  451.230769
90    4   9  3  16  16  ...       224    6.461538   354.461538       412   57.538462
110   6   9  7  16  16  ...       336   19.692308  1442.307692      1432   10.307692
116   7   9  5  16  16  ...       392   21.538462  1133.846154      1194   60.153846
226   3   8  6  16  10  ...        90   35.692308   653.923077       616   37.923077
0     3   4  8  16  16  ...       144   33.653846   813.076923       724   89.076923
240  10   8  6  16  10  ...       300   51.038462  2001.384615      2044   42.615385
47    8   6  8  16  16  ...       440   20.423077  2032.153846      2180  147.846154
169   7   9  8   2  16  ...       392    0.000000  1908.000000      1908    0.000000
239  10   8  6  16  10  ...       300   51.038462  2001.384615      2044   42.615385
227   4   8  6  16  10  ...       120   29.230769   828.076923       820    8.076923
213   9   9  8  16  12  ...       378   87.307692  2399.076923      2452   52.923077
178   9   9  8   4  16  ...       504   18.423077  2416.769231      2452   35.230769
140  10   9  5  16  16  ...       560   46.153846  1776.461538      1704   72.461538
222  11   9  8  16  16  ...       616   27.192308  2684.769231      2996  311.230769
179   9   9  8   8  16  ...       504   18.423077  2416.769231      2452   35.230769
74   11   6  8  16  16  ...       605   87.923077  2435.230769      2996  560.769231
142  10   9  7  16  16  ...       560   32.807692  2321.923077      2384   62.076923
148  11   9  5  16  16  ...       616   62.653846  1898.846154      1874   24.846154
139  10   9  4  16  16  ...       560   32.000000  1475.923077      1364  111.923077
212   8   9  8  16  24  ...       616  112.423077  2195.153846      2180   15.153846

[41 rows x 22 columns]
RESOURCE EST model: column 0 Mean absolute Error: 25.808181452693656
RESOURCE EST model: column 1 Mean absolute Error: 25.82801751094435
RESOURCE EST model: column 2 Mean absolute Error: 54.26078799249532
RESOURCE EST model: column 3 Mean absolute Error: 26.582551594746718
RESOURCE EST model: column 4 Mean absolute Error: 75.86866791744839
RESOURCE EST model: number of tests : 41
RESOURCE EST model: MAX Error column 0: 142.1538461538462
RESOURCE EST model: MAX Error column 1: 143.23076923076928
RESOURCE EST model: MAX Error column 2: 270.8461538461538
RESOURCE EST model: MAX Error column 3: 112.4230769230769
RESOURCE EST model: MAX Error column 4: 560.769230769231
--------------------------------------
num_estimators = 28


 Y-value shapes:
(159, 5)
(41, 5)
(41, 5)



 THE FAILED TESTS (>5%) ARE:
      H   T  S   B   L  ...  Actual 3      Diff 3  Predicted 4  Actual 4      Diff 4
154   3   9  8   4  16  ...       168    0.000000   820.000000       820    0.000000
153   3   9  8   2  16  ...       168    0.000000   820.000000       820    0.000000
162   5   9  8   4  16  ...       280    0.000000  1364.000000      1364    0.000000
8     3  12  8  16  16  ...       180   26.857143  1028.857143       820  208.857143
98    5   9  3  16  16  ...       280    2.571429   480.357143       514   33.642857
119   7   9  8  16  16  ...       392    1.750000  1908.000000      1908    0.000000
5     3   9  8  16  16  ...       168    1.500000   820.000000       820    0.000000
129   9   9  2  16  16  ...       504    2.000000   687.642857       616   71.642857
25    5  11  8  16  16  ...       270   21.642857  1563.142857      1364  199.142857
3     3   7  8  16  16  ...       180    5.000000   825.071429       820    5.071429
124   8   9  5  16  16  ...       448    5.071429  1306.928571      1364   57.071429
165   6   9  8   2  16  ...       336    0.000000  1636.000000      1636    0.000000
34    6  11  8  16  16  ...       324   16.142857  1808.428571      1636  172.428571
21    5   7  8  16  16  ...       300   29.892857  1303.714286      1364   60.285714
100   5   9  5  16  16  ...       280    2.857143   860.071429       854    6.071429
121   8   9  2  16  16  ...       448   44.000000   573.500000       548   25.500000
118   7   9  7  16  16  ...       392   29.857143  1693.285714      1670   23.285714
167   6   9  8   8  16  ...       336    0.000000  1636.000000      1636    0.000000
192   3   9  8  16  24  ...       231   29.785714   881.000000       820   61.000000
1     3   5  8  16  16  ...       156   18.642857   859.428571       820   39.428571
73   11   5  8  16  16  ...       572   59.035714  2557.571429      2996  438.428571
90    4   9  3  16  16  ...       224    2.000000   363.428571       412   48.571429
110   6   9  7  16  16  ...       336   18.285714  1427.000000      1432    5.000000
116   7   9  5  16  16  ...       392   24.000000  1130.857143      1194   63.142857
226   3   8  6  16  10  ...        90   37.000000   658.500000       616   42.500000
0     3   4  8  16  16  ...       144   32.750000   813.571429       724   89.571429
240  10   8  6  16  10  ...       300   47.607143  2002.000000      2044   42.000000
47    8   6  8  16  16  ...       440   25.250000  2016.428571      2180  163.571429
169   7   9  8   2  16  ...       392    0.000000  1908.000000      1908    0.000000
239  10   8  6  16  10  ...       300   47.607143  2002.000000      2044   42.000000
227   4   8  6  16  10  ...       120   30.857143   822.642857       820    2.642857
213   9   9  8  16  12  ...       378   87.071429  2417.428571      2452   34.571429
178   9   9  8   4  16  ...       504   17.107143  2419.285714      2452   32.714286
140  10   9  5  16  16  ...       560   46.857143  1759.142857      1704   55.142857
222  11   9  8  16  16  ...       616   29.250000  2687.571429      2996  308.428571
179   9   9  8   8  16  ...       504   17.107143  2419.285714      2452   32.714286
74   11   6  8  16  16  ...       605   88.607143  2446.142857      2996  549.857143
142  10   9  7  16  16  ...       560   34.464286  2309.357143      2384   74.642857
148  11   9  5  16  16  ...       616   62.178571  1871.571429      1874    2.428571
139  10   9  4  16  16  ...       560   33.714286  1458.214286      1364   94.214286
212   8   9  8  16  24  ...       616  116.964286  2193.500000      2180   13.500000

[41 rows x 22 columns]
RESOURCE EST model: column 0 Mean absolute Error: 26.103677202588354
RESOURCE EST model: column 1 Mean absolute Error: 25.95180023228804
RESOURCE EST model: column 2 Mean absolute Error: 54.15853658536585
RESOURCE EST model: column 3 Mean absolute Error: 26.71428571428572
RESOURCE EST model: column 4 Mean absolute Error: 75.58710801393727
RESOURCE EST model: number of tests : 41
RESOURCE EST model: MAX Error column 0: 136.82142857142867
RESOURCE EST model: MAX Error column 1: 145.3571428571429
RESOURCE EST model: MAX Error column 2: 273.57142857142867
RESOURCE EST model: MAX Error column 3: 116.96428571428572
RESOURCE EST model: MAX Error column 4: 549.8571428571427
--------------------------------------
num_estimators = 30


 Y-value shapes:
(159, 5)
(41, 5)
(41, 5)



 THE FAILED TESTS (>5%) ARE:
      H   T  S   B   L  ...  Actual 3      Diff 3  Predicted 4  Actual 4      Diff 4
154   3   9  8   4  16  ...       168    0.000000   820.000000       820    0.000000
153   3   9  8   2  16  ...       168    0.000000   820.000000       820    0.000000
162   5   9  8   4  16  ...       280    0.000000  1364.000000      1364    0.000000
8     3  12  8  16  16  ...       180   25.933333  1024.000000       820  204.000000
98    5   9  3  16  16  ...       280    4.266667   480.333333       514   33.666667
119   7   9  8  16  16  ...       392    1.633333  1908.000000      1908    0.000000
5     3   9  8  16  16  ...       168    1.400000   820.000000       820    0.000000
129   9   9  2  16  16  ...       504    3.733333   695.333333       616   79.333333
25    5  11  8  16  16  ...       270   24.600000  1568.000000      1364  204.000000
3     3   7  8  16  16  ...       180    5.466667   814.533333       820    5.466667
124   8   9  5  16  16  ...       448    2.633333  1319.800000      1364   44.200000
165   6   9  8   2  16  ...       336    0.000000  1636.000000      1636    0.000000
34    6  11  8  16  16  ...       324   15.866667  1803.733333      1636  167.733333
21    5   7  8  16  16  ...       300   29.566667  1307.733333      1364   56.266667
100   5   9  5  16  16  ...       280    2.666667   857.400000       854    3.400000
121   8   9  2  16  16  ...       448   44.800000   567.266667       548   19.266667
118   7   9  7  16  16  ...       392   29.733333  1684.266667      1670   14.266667
167   6   9  8   8  16  ...       336    0.000000  1636.000000      1636    0.000000
192   3   9  8  16  24  ...       231   28.266667   886.000000       820   66.000000
1     3   5  8  16  16  ...       156   20.600000   856.000000       820   36.000000
73   11   5  8  16  16  ...       572   61.133333  2550.533333      2996  445.466667
90    4   9  3  16  16  ...       224    1.866667   364.400000       412   47.600000
110   6   9  7  16  16  ...       336   20.266667  1428.133333      1432    3.866667
116   7   9  5  16  16  ...       392   20.533333  1128.266667      1194   65.733333
226   3   8  6  16  10  ...        90   35.533333   662.466667       616   46.466667
0     3   4  8  16  16  ...       144   34.566667   813.200000       724   89.200000
240  10   8  6  16  10  ...       300   42.433333  1991.200000      2044   52.800000
47    8   6  8  16  16  ...       440   26.066667  2009.200000      2180  170.800000
169   7   9  8   2  16  ...       392    0.000000  1908.000000      1908    0.000000
239  10   8  6  16  10  ...       300   42.433333  1991.200000      2044   52.800000
227   4   8  6  16  10  ...       120   28.800000   822.466667       820    2.466667
213   9   9  8  16  12  ...       378   91.533333  2428.800000      2452   23.200000
178   9   9  8   4  16  ...       504   17.833333  2430.533333      2452   21.466667
140  10   9  5  16  16  ...       560   45.600000  1761.133333      1704   57.133333
222  11   9  8  16  16  ...       616   29.166667  2686.600000      2996  309.400000
179   9   9  8   8  16  ...       504   17.833333  2430.533333      2452   21.466667
74   11   6  8  16  16  ...       605   86.000000  2439.733333      2996  556.266667
142  10   9  7  16  16  ...       560   34.033333  2295.066667      2384   88.933333
148  11   9  5  16  16  ...       616   63.633333  1876.266667      1874    2.266667
139  10   9  4  16  16  ...       560   35.200000  1442.866667      1364   78.866667
212   8   9  8  16  24  ...       616  114.766667  2186.933333      2180    6.933333

[41 rows x 22 columns]
RESOURCE EST model: column 0 Mean absolute Error: 25.36424506387922
RESOURCE EST model: column 1 Mean absolute Error: 25.109214092140917
RESOURCE EST model: column 2 Mean absolute Error: 53.760975609756095
RESOURCE EST model: column 3 Mean absolute Error: 26.595121951219515
RESOURCE EST model: column 4 Mean absolute Error: 75.04227642276423
RESOURCE EST model: number of tests : 41
RESOURCE EST model: MAX Error column 0: 136.0
RESOURCE EST model: MAX Error column 1: 145.5
RESOURCE EST model: MAX Error column 2: 271.23333333333335
RESOURCE EST model: MAX Error column 3: 114.76666666666665
RESOURCE EST model: MAX Error column 4: 556.2666666666669
[34.28373984 33.18292683 59.25203252 32.82926829 90.81300813]
[30.35579268 30.57621951 55.00914634 29.27439024 88.54268293]
[26.14212544 26.35853659 55.7097561  29.1195122  73.95609756]
[24.55664925 24.49390244 53.97154472 28.43902439 75.33739837]
[24.77503733 24.78222997 53.04529617 26.68292683 76.96515679]
[25.15376742 24.46900407 52.5945122  26.25       74.47256098]
[24.7510453  25.01038844 54.43495935 27.4498645  77.61788618]
[24.74514808 24.34227642 53.42560976 26.71341463 79.08292683]
[25.23782863 24.98521803 54.66962306 27.59977827 77.57649667]
[25.53406649 25.36246612 55.47256098 27.33841463 76.27235772]
[25.80818145 25.82801751 54.26078799 26.58255159 75.86866792]
[26.1036772  25.95180023 54.15853659 26.71428571 75.58710801]
[25.36424506 25.10921409 53.76097561 26.59512195 75.04227642]
MINIMIZED at 16
----------------------------------






 PREDICTING RESOURCE USAGES NOW
--------------------------------------
num_estimators = 6
THE X TEST DATA IS:
      H   T  S   B   L  H*T*S  H*L
154   3   9  8   4  16    216   48
153   3   9  8   2  16    216   48
162   5   9  8   4  16    360   80
8     3  12  8  16  16    288   48
98    5   9  3  16  16    135   80
119   7   9  8  16  16    504  112
5     3   9  8  16  16    216   48
129   9   9  2  16  16    162  144
25    5  11  8  16  16    440   80
3     3   7  8  16  16    168   48
124   8   9  5  16  16    360  128
165   6   9  8   2  16    432   96
34    6  11  8  16  16    528   96
21    5   7  8  16  16    280   80
100   5   9  5  16  16    225   80
121   8   9  2  16  16    144  128
118   7   9  7  16  16    441  112
167   6   9  8   8  16    432   96
192   3   9  8  16  24    216   72
1     3   5  8  16  16    120   48
73   11   5  8  16  16    440  176
90    4   9  3  16  16    108   64
110   6   9  7  16  16    378   96
116   7   9  5  16  16    315  112
226   3   8  6  16  10    144   30
0     3   4  8  16  16     96   48
240  10   8  6  16  10    480  100
47    8   6  8  16  16    384  128
169   7   9  8   2  16    504  112
239  10   8  6  16  10    480  100
227   4   8  6  16  10    192   40
213   9   9  8  16  12    648  108
178   9   9  8   4  16    648  144
140  10   9  5  16  16    450  160
222  11   9  8  16  16    792  176
179   9   9  8   8  16    648  144
74   11   6  8  16  16    528  176
142  10   9  7  16  16    630  160
148  11   9  5  16  16    495  176
139  10   9  4  16  16    360  160
212   8   9  8  16  24    576  192




THE Y TEST DATA IS:
     kLUT   kFF   DSP
154   505   529   820
153   503   529   820
162   735   752  1364
8     608   612   820
98    325   341   514
119   981   980  1908
5     512   531   820
129   351   366   616
25    854   847  1364
3     450   477   820
124   658   652  1364
165   845   865  1636
34    991   975  1636
21    643   666  1364
100   471   478   854
121   327   344   548
118   833   839  1670
167   856   867  1636
192   517   531   820
1     385   422   820
73    987  1036  2996
90    290   309   412
110   738   747  1432
116   596   595  1194
226   369   396   616
0     328   375   724
240   865   881  2044
47    843   877  2180
169   958   975  1908
239   864   881  2044
227   439   463   820
213  1213  1206  2452
178  1194  1201  2452
140   786   771  1704
222  1450  1431  2996
179  1204  1205  2452
74   1099  1135  2996
142  1123  1119  2384
148   847   829  1874
139   629   625  1364
212  1109  1091  2180


TRAINING DATA STATISTICS:
     #points = 159
     min     = kLUT    219
kFF     244
DSP     208
dtype: int64
     max     = kLUT    1801
kFF     1726
DSP     3064
dtype: int64
     mean    = kLUT     768.201258
kFF      780.364780
DSP     1561.157233
dtype: float64
     var     = kLUT     90437.212403
kFF      82923.347106
DSP     458478.348539
dtype: float64


TESTING DATA STATISTICS:
     #points = 41
     min     = kLUT    290
kFF     309
DSP     412
dtype: int64
     max     = kLUT    1450
kFF     1431
DSP     2996
dtype: int64
     mean    = kLUT     738.560976
kFF      750.024390
DSP     1498.487805
dtype: float64
     var     = kLUT     88716.002439
kFF      84188.624390
DSP     546609.756098
dtype: float64






 Y-value shapes:
(159, 3)
(41, 3)
(41, 3)



 THE FAILED TESTS (>5%) ARE:
      H   T  S   B   L  ...  Actual 1      Diff 1  Predicted 2  Actual 2      Diff 2
154   3   9  8   4  16  ...       529    2.000000   820.000000       820    0.000000
153   3   9  8   2  16  ...       529    2.000000   820.000000       820    0.000000
162   5   9  8   4  16  ...       752    1.333333  1364.000000      1364    0.000000
8     3  12  8  16  16  ...       612   33.333333  1046.666667       820  226.666667
98    5   9  3  16  16  ...       341   18.666667   531.000000       514   17.000000
119   7   9  8  16  16  ...       980    0.000000  1908.000000      1908    0.000000
5     3   9  8  16  16  ...       531    0.000000   820.000000       820    0.000000
129   9   9  2  16  16  ...       366   10.333333   616.000000       616    0.000000
25    5  11  8  16  16  ...       847   12.000000  1500.000000      1364  136.000000
3     3   7  8  16  16  ...       477    9.500000   956.000000       820  136.000000
124   8   9  5  16  16  ...       652   90.666667  1505.666667      1364  141.666667
165   6   9  8   2  16  ...       865    1.000000  1636.000000      1636    0.000000
34    6  11  8  16  16  ...       975   17.833333  1862.666667      1636  226.666667
21    5   7  8  16  16  ...       666   17.833333  1428.000000      1364   64.000000
100   5   9  5  16  16  ...       478   43.000000   967.333333       854  113.333333
121   8   9  2  16  16  ...       344   30.333333   604.666667       548   56.666667
118   7   9  7  16  16  ...       839   18.666667  1697.333333      1670   27.333333
167   6   9  8   8  16  ...       867    1.000000  1636.000000      1636    0.000000
192   3   9  8  16  24  ...       531    6.833333   865.333333       820   45.333333
1     3   5  8  16  16  ...       422   13.833333   776.000000       820   44.000000
73   11   5  8  16  16  ...      1036  111.000000  2527.333333      2996  468.666667
90    4   9  3  16  16  ...       309    9.666667   378.000000       412   34.000000
110   6   9  7  16  16  ...       747    0.500000  1426.666667      1432    5.333333
116   7   9  5  16  16  ...       595   31.666667  1224.000000      1194   30.000000
226   3   8  6  16  10  ...       396    9.000000   621.666667       616    5.666667
0     3   4  8  16  16  ...       375    2.166667   688.000000       724   36.000000
240  10   8  6  16  10  ...       881   43.833333  1924.666667      2044  119.333333
47    8   6  8  16  16  ...       877   85.333333  1887.333333      2180  292.666667
169   7   9  8   2  16  ...       975    1.666667  1908.000000      1908    0.000000
239  10   8  6  16  10  ...       881   43.833333  1924.666667      2044  119.333333
227   4   8  6  16  10  ...       463    6.333333   797.333333       820   22.666667
213   9   9  8  16  12  ...      1206   27.333333  2474.666667      2452   22.666667
178   9   9  8   4  16  ...      1201   19.500000  2404.000000      2452   48.000000
140  10   9  5  16  16  ...       771   68.166667  1800.333333      1704   96.333333
222  11   9  8  16  16  ...      1431   80.333333  2752.333333      2996  243.666667
179   9   9  8   8  16  ...      1205   23.500000  2404.000000      2452   48.000000
74   11   6  8  16  16  ...      1135  150.333333  2450.000000      2996  546.000000
142  10   9  7  16  16  ...      1119    6.166667  2316.000000      2384   68.000000
148  11   9  5  16  16  ...       829   95.500000  2021.333333      1874  147.333333
139  10   9  4  16  16  ...       625  114.000000  1590.666667      1364  226.666667
212   8   9  8  16  24  ...      1091    7.333333  2268.000000      2180   88.000000

[41 rows x 16 columns]
RESOURCE EST model: column 0 Mean absolute Error: 29.08861788617886
RESOURCE EST model: column 1 Mean absolute Error: 30.910569105691057
RESOURCE EST model: column 2 Mean absolute Error: 95.19512195121949
RESOURCE EST model: number of tests : 41
RESOURCE EST model: MAX Error column 0: 144.0
RESOURCE EST model: MAX Error column 1: 150.33333333333337
RESOURCE EST model: MAX Error column 2: 546.0
--------------------------------------
num_estimators = 8


 Y-value shapes:
(159, 3)
(41, 3)
(41, 3)



 THE FAILED TESTS (>5%) ARE:
      H   T  S   B   L  ...  Actual 1   Diff 1  Predicted 2  Actual 2  Diff 2
154   3   9  8   4  16  ...       529    2.000       820.00       820    0.00
153   3   9  8   2  16  ...       529    2.000       820.00       820    0.00
162   5   9  8   4  16  ...       752    1.750      1364.00      1364    0.00
8     3  12  8  16  16  ...       612   37.250      1058.00       820  238.00
98    5   9  3  16  16  ...       341    7.500       509.75       514    4.25
119   7   9  8  16  16  ...       980    0.000      1908.00      1908    0.00
5     3   9  8  16  16  ...       531    0.000       820.00       820    0.00
129   9   9  2  16  16  ...       366   11.125       624.50       616    8.50
25    5  11  8  16  16  ...       847    3.750      1534.00      1364  170.00
3     3   7  8  16  16  ...       477    4.375       896.50       820   76.50
124   8   9  5  16  16  ...       652   77.875      1500.00      1364  136.00
165   6   9  8   2  16  ...       865    0.500      1636.00      1636    0.00
34    6  11  8  16  16  ...       975   13.375      1806.00      1636  170.00
21    5   7  8  16  16  ...       666   27.250      1546.00      1364  182.00
100   5   9  5  16  16  ...       478   43.500       956.00       854  102.00
121   8   9  2  16  16  ...       344   22.375       582.00       548   34.00
118   7   9  7  16  16  ...       839   34.875      1722.00      1670   52.00
167   6   9  8   8  16  ...       867    1.500      1636.00      1636    0.00
192   3   9  8  16  24  ...       531    5.125       854.00       820   34.00
1     3   5  8  16  16  ...       422   13.750       770.00       820   50.00
73   11   5  8  16  16  ...      1036  101.750      2542.50      2996  453.50
90    4   9  3  16  16  ...       309   14.250       361.00       412   51.00
110   6   9  7  16  16  ...       747    2.875      1411.00      1432   21.00
116   7   9  5  16  16  ...       595   26.000      1205.00      1194   11.00
226   3   8  6  16  10  ...       396    6.750       620.25       616    4.25
0     3   4  8  16  16  ...       375    1.500       688.00       724   36.00
240  10   8  6  16  10  ...       881   32.500      1954.50      2044   89.50
47    8   6  8  16  16  ...       877   85.250      1892.50      2180  287.50
169   7   9  8   2  16  ...       975    1.625      1908.00      1908    0.00
239  10   8  6  16  10  ...       881   32.500      1954.50      2044   89.50
227   4   8  6  16  10  ...       463    2.375       791.00       820   29.00
213   9   9  8  16  12  ...      1206   34.625      2435.00      2452   17.00
178   9   9  8   4  16  ...      1201   13.500      2416.00      2452   36.00
140  10   9  5  16  16  ...       771   92.125      1861.25      1704  157.25
222  11   9  8  16  16  ...      1431  101.750      2732.50      2996  263.50
179   9   9  8   8  16  ...      1205   17.500      2416.00      2452   36.00
74   11   6  8  16  16  ...      1135  156.000      2484.50      2996  511.50
142  10   9  7  16  16  ...      1119   21.625      2324.50      2384   59.50
148  11   9  5  16  16  ...       829  109.250      2078.00      1874  204.00
139  10   9  4  16  16  ...       625  144.625      1665.75      1364  301.75
212   8   9  8  16  24  ...      1091   26.500      2275.75      2180   95.75

[41 rows x 16 columns]
RESOURCE EST model: column 0 Mean absolute Error: 30.41219512195122
RESOURCE EST model: column 1 Mean absolute Error: 32.55487804878049
RESOURCE EST model: column 2 Mean absolute Error: 97.84756097560975
RESOURCE EST model: number of tests : 41
RESOURCE EST model: MAX Error column 0: 152.25
RESOURCE EST model: MAX Error column 1: 156.0
RESOURCE EST model: MAX Error column 2: 511.5
--------------------------------------
num_estimators = 10


 Y-value shapes:
(159, 3)
(41, 3)
(41, 3)



 THE FAILED TESTS (>5%) ARE:
      H   T  S   B   L  ...  Actual 1  Diff 1  Predicted 2  Actual 2  Diff 2
154   3   9  8   4  16  ...       529     2.0        820.0       820     0.0
153   3   9  8   2  16  ...       529     2.0        820.0       820     0.0
162   5   9  8   4  16  ...       752     1.8       1364.0      1364     0.0
8     3  12  8  16  16  ...       612    39.6       1064.8       820   244.8
98    5   9  3  16  16  ...       341     4.5        503.8       514    10.2
119   7   9  8  16  16  ...       980     0.0       1908.0      1908     0.0
5     3   9  8  16  16  ...       531     0.0        820.0       820     0.0
129   9   9  2  16  16  ...       366    11.6        629.6       616    13.6
25    5  11  8  16  16  ...       847     2.3       1544.2      1364   180.2
3     3   7  8  16  16  ...       477     7.8        888.0       820    68.0
124   8   9  5  16  16  ...       652    84.2       1527.2      1364   163.2
165   6   9  8   2  16  ...       865     0.2       1636.0      1636     0.0
34    6  11  8  16  16  ...       975    30.6       1826.4      1636   190.4
21    5   7  8  16  16  ...       666    23.5       1509.6      1364   145.6
100   5   9  5  16  16  ...       478    40.2        949.2       854    95.2
121   8   9  2  16  16  ...       344    23.8        588.8       548    40.8
118   7   9  7  16  16  ...       839    33.1       1714.4      1670    44.4
167   6   9  8   8  16  ...       867     1.8       1636.0      1636     0.0
192   3   9  8  16  24  ...       531     4.1        847.2       820    27.2
1     3   5  8  16  16  ...       422    13.7        766.4       820    53.6
73   11   5  8  16  16  ...      1036    96.8       2578.8      2996   417.2
90    4   9  3  16  16  ...       309    17.0        350.8       412    61.2
110   6   9  7  16  16  ...       747     0.8       1416.4      1432    15.6
116   7   9  5  16  16  ...       595    34.6       1203.8      1194     9.8
226   3   8  6  16  10  ...       396     3.6        609.2       616     6.8
0     3   4  8  16  16  ...       375     5.5        700.8       724    23.2
240  10   8  6  16  10  ...       881    11.9       1931.6      2044   112.4
47    8   6  8  16  16  ...       877    74.9       1977.2      2180   202.8
169   7   9  8   2  16  ...       975     1.7       1908.0      1908     0.0
239  10   8  6  16  10  ...       881    11.9       1931.6      2044   112.4
227   4   8  6  16  10  ...       463     5.0        796.8       820    23.2
213   9   9  8  16  12  ...      1206    24.7       2411.2      2452    40.8
178   9   9  8   4  16  ...      1201     9.8       2423.2      2452    28.8
140  10   9  5  16  16  ...       771   101.4       1945.4      1704   241.4
222  11   9  8  16  16  ...      1431   105.7       2720.6      2996   275.4
179   9   9  8   8  16  ...      1205    13.8       2423.2      2452    28.8
74   11   6  8  16  16  ...      1135   142.6       2478.0      2996   518.0
142  10   9  7  16  16  ...      1119    36.7       2319.4      2384    64.6
148  11   9  5  16  16  ...       829   103.5       2118.8      1874   244.8
139  10   9  4  16  16  ...       625   150.6       1680.2      1364   316.2
212   8   9  8  16  24  ...      1091    18.3       2255.0      2180    75.0

[41 rows x 16 columns]
RESOURCE EST model: column 0 Mean absolute Error: 29.475052264808365
RESOURCE EST model: column 1 Mean absolute Error: 31.64878048780488
RESOURCE EST model: column 2 Mean absolute Error: 99.8926829268293
RESOURCE EST model: number of tests : 41
RESOURCE EST model: MAX Error column 0: 145.0
RESOURCE EST model: MAX Error column 1: 150.60000000000002
RESOURCE EST model: MAX Error column 2: 518.0
--------------------------------------
num_estimators = 12


 Y-value shapes:
(159, 3)
(41, 3)
(41, 3)



 THE FAILED TESTS (>5%) ARE:
      H   T  S   B   L  ...  Actual 1      Diff 1  Predicted 2  Actual 2      Diff 2
154   3   9  8   4  16  ...       529    2.000000   820.000000       820    0.000000
153   3   9  8   2  16  ...       529    2.000000   820.000000       820    0.000000
162   5   9  8   4  16  ...       752    1.666667  1364.000000      1364    0.000000
8     3  12  8  16  16  ...       612   38.166667  1069.333333       820  249.333333
98    5   9  3  16  16  ...       341    7.250000   505.500000       514    8.500000
119   7   9  8  16  16  ...       980    0.000000  1908.000000      1908    0.000000
5     3   9  8  16  16  ...       531    0.000000   820.000000       820    0.000000
129   9   9  2  16  16  ...       366   14.083333   627.333333       616   11.333333
25    5  11  8  16  16  ...       847    9.833333  1559.500000      1364  195.500000
3     3   7  8  16  16  ...       477   12.583333   851.166667       820   31.166667
124   8   9  5  16  16  ...       652   84.000000  1528.333333      1364  164.333333
165   6   9  8   2  16  ...       865    0.000000  1636.000000      1636    0.000000
34    6  11  8  16  16  ...       975   26.333333  1840.000000      1636  204.000000
21    5   7  8  16  16  ...       666   18.250000  1449.333333      1364   85.333333
100   5   9  5  16  16  ...       478   31.833333   927.666667       854   73.666667
121   8   9  2  16  16  ...       344   23.750000   584.833333       548   36.833333
118   7   9  7  16  16  ...       839   31.833333  1718.333333      1670   48.333333
167   6   9  8   8  16  ...       867    2.000000  1636.000000      1636    0.000000
192   3   9  8  16  24  ...       531    7.166667   842.666667       820   22.666667
1     3   5  8  16  16  ...       422   19.166667   753.333333       820   66.666667
73   11   5  8  16  16  ...      1036   93.500000  2603.000000      2996  393.000000
90    4   9  3  16  16  ...       309   16.416667   355.333333       412   56.666667
110   6   9  7  16  16  ...       747    0.583333  1420.000000      1432   12.000000
116   7   9  5  16  16  ...       595   26.500000  1207.833333      1194   13.833333
226   3   8  6  16  10  ...       396    0.166667   601.833333       616   14.166667
0     3   4  8  16  16  ...       375    4.666667   698.666667       724   25.333333
240  10   8  6  16  10  ...       881    7.250000  1890.333333      2044  153.666667
47    8   6  8  16  16  ...       877   76.166667  1988.333333      2180  191.666667
169   7   9  8   2  16  ...       975    1.750000  1908.000000      1908    0.000000
239  10   8  6  16  10  ...       881    7.250000  1890.333333      2044  153.666667
227   4   8  6  16  10  ...       463    5.750000   792.666667       820   27.333333
213   9   9  8  16  12  ...      1206   20.583333  2418.000000      2452   34.000000
178   9   9  8   4  16  ...      1201    7.333333  2428.000000      2452   24.000000
140  10   9  5  16  16  ...       771   87.083333  1902.333333      1704  198.333333
222  11   9  8  16  16  ...      1431   91.916667  2721.166667      2996  274.833333
179   9   9  8   8  16  ...      1205   11.333333  2428.000000      2452   24.000000
74   11   6  8  16  16  ...      1135  140.916667  2496.333333      2996  499.666667
142  10   9  7  16  16  ...      1119   48.166667  2284.833333      2384   99.166667
148  11   9  5  16  16  ...       829   75.500000  2044.000000      1874  170.000000
139  10   9  4  16  16  ...       625  143.833333  1655.833333      1364  291.833333
212   8   9  8  16  24  ...      1091   15.416667  2242.500000      2180   62.500000

[41 rows x 16 columns]
RESOURCE EST model: column 0 Mean absolute Error: 27.257665505226484
RESOURCE EST model: column 1 Mean absolute Error: 29.609756097560982
RESOURCE EST model: column 2 Mean absolute Error: 95.54471544715446
RESOURCE EST model: number of tests : 41
RESOURCE EST model: MAX Error column 0: 135.91666666666663
RESOURCE EST model: MAX Error column 1: 143.83333333333337
RESOURCE EST model: MAX Error column 2: 499.6666666666665
--------------------------------------
num_estimators = 14


 Y-value shapes:
(159, 3)
(41, 3)
(41, 3)



 THE FAILED TESTS (>5%) ARE:
      H   T  S   B   L  ...  Actual 1      Diff 1  Predicted 2  Actual 2      Diff 2
154   3   9  8   4  16  ...       529    2.000000   820.000000       820    0.000000
153   3   9  8   2  16  ...       529    2.000000   820.000000       820    0.000000
162   5   9  8   4  16  ...       752    1.714286  1364.000000      1364    0.000000
8     3  12  8  16  16  ...       612   42.285714  1072.571429       820  252.571429
98    5   9  3  16  16  ...       341    6.071429   499.428571       514   14.571429
119   7   9  8  16  16  ...       980    0.428571  1908.000000      1908    0.000000
5     3   9  8  16  16  ...       531    0.000000   820.000000       820    0.000000
129   9   9  2  16  16  ...       366   15.428571   635.428571       616   19.428571
25    5  11  8  16  16  ...       847    6.714286  1551.000000      1364  187.000000
3     3   7  8  16  16  ...       477   17.357143   832.142857       820   12.142857
124   8   9  5  16  16  ...       652   82.285714  1529.142857      1364  165.142857
165   6   9  8   2  16  ...       865    0.142857  1636.000000      1636    0.000000
34    6  11  8  16  16  ...       975   25.500000  1844.857143      1636  208.857143
21    5   7  8  16  16  ...       666   16.857143  1437.142857      1364   73.142857
100   5   9  5  16  16  ...       478   31.714286   926.857143       854   72.857143
121   8   9  2  16  16  ...       344   21.000000   579.571429       548   31.571429
118   7   9  7  16  16  ...       839   31.000000  1713.428571      1670   43.428571
167   6   9  8   8  16  ...       867    2.142857  1636.000000      1636    0.000000
192   3   9  8  16  24  ...       531    9.357143   839.428571       820   19.428571
1     3   5  8  16  16  ...       422   13.214286   775.714286       820   44.285714
73   11   5  8  16  16  ...      1036   91.142857  2620.285714      2996  375.714286
90    4   9  3  16  16  ...       309   13.642857   363.428571       412   48.571429
110   6   9  7  16  16  ...       747    1.571429  1422.571429      1432    9.428571
116   7   9  5  16  16  ...       595   29.857143  1208.285714      1194   14.285714
226   3   8  6  16  10  ...       396    1.500000   603.857143       616   12.142857
0     3   4  8  16  16  ...       375   13.928571   728.857143       724    4.857143
240  10   8  6  16  10  ...       881   15.000000  1926.857143      2044  117.142857
47    8   6  8  16  16  ...       877   72.857143  1976.857143      2180  203.142857
169   7   9  8   2  16  ...       975    1.357143  1908.000000      1908    0.000000
239  10   8  6  16  10  ...       881   15.000000  1926.857143      2044  117.142857
227   4   8  6  16  10  ...       463    1.357143   782.000000       820   38.000000
213   9   9  8  16  12  ...      1206   24.785714  2384.000000      2452   68.000000
178   9   9  8   4  16  ...      1201   16.000000  2410.857143      2452   41.142857
140  10   9  5  16  16  ...       771   98.214286  1922.571429      1704  218.571429
222  11   9  8  16  16  ...      1431   96.142857  2714.285714      2996  281.714286
179   9   9  8   8  16  ...      1205   20.000000  2410.857143      2452   41.142857
74   11   6  8  16  16  ...      1135  145.928571  2528.857143      2996  467.142857
142  10   9  7  16  16  ...      1119   12.714286  2347.571429      2384   36.428571
148  11   9  5  16  16  ...       829   61.857143  2019.714286      1874  145.714286
139  10   9  4  16  16  ...       625  148.642857  1672.428571      1364  308.428571
212   8   9  8  16  24  ...      1091    8.714286  2231.142857      2180   51.142857

[41 rows x 16 columns]
RESOURCE EST model: column 0 Mean absolute Error: 27.306570433051277
RESOURCE EST model: column 1 Mean absolute Error: 29.69337979094077
RESOURCE EST model: column 2 Mean absolute Error: 91.32404181184671
RESOURCE EST model: number of tests : 41
RESOURCE EST model: MAX Error column 0: 141.6428571428571
RESOURCE EST model: MAX Error column 1: 148.6428571428571
RESOURCE EST model: MAX Error column 2: 467.14285714285734
--------------------------------------
num_estimators = 16


 Y-value shapes:
(159, 3)
(41, 3)
(41, 3)



 THE FAILED TESTS (>5%) ARE:
      H   T  S   B   L  ...  Actual 1      Diff 1  Predicted 2  Actual 2   Diff 2
154   3   9  8   4  16  ...       529    2.000000      820.000       820    0.000
153   3   9  8   2  16  ...       529    2.000000      820.000       820    0.000
162   5   9  8   4  16  ...       752    1.875000     1364.000      1364    0.000
8     3  12  8  16  16  ...       612   39.500000     1058.000       820  238.000
98    5   9  3  16  16  ...       341   10.000000      509.750       514    4.250
119   7   9  8  16  16  ...       980    0.375000     1908.000      1908    0.000
5     3   9  8  16  16  ...       531    0.000000      820.000       820    0.000
129   9   9  2  16  16  ...       366   14.437500      633.000       616   17.000
25    5  11  8  16  16  ...       847   12.500000     1555.250      1364  191.250
3     3   7  8  16  16  ...       477   11.000000      847.625       820   27.625
124   8   9  5  16  16  ...       652   79.125000     1517.000      1364  153.000
165   6   9  8   2  16  ...       865    0.000000     1636.000      1636    0.000
34    6  11  8  16  16  ...       975   22.312500     1818.750      1636  182.750
21    5   7  8  16  16  ...       666   24.562500     1479.000      1364  115.000
100   5   9  5  16  16  ...       478   28.750000      913.500       854   59.500
121   8   9  2  16  16  ...       344   22.062500      584.125       548   36.125
118   7   9  7  16  16  ...       839   25.312500     1706.750      1670   36.750
167   6   9  8   8  16  ...       867    2.000000     1636.000      1636    0.000
192   3   9  8  16  24  ...       531    8.187500      837.000       820   17.000
1     3   5  8  16  16  ...       422   13.250000      772.750       820   47.250
73   11   5  8  16  16  ...      1036   89.375000     2633.250      2996  362.750
90    4   9  3  16  16  ...       309   10.812500      369.500       412   42.500
110   6   9  7  16  16  ...       747    0.250000     1415.250      1432   16.750
116   7   9  5  16  16  ...       595   24.875000     1202.250      1194    8.250
226   3   8  6  16  10  ...       396    1.312500      605.375       616   10.625
0     3   4  8  16  16  ...       375    1.625000      672.250       724   51.750
240  10   8  6  16  10  ...       881   10.500000     1916.000      2044  128.000
47    8   6  8  16  16  ...       877   71.312500     2020.250      2180  159.750
169   7   9  8   2  16  ...       975    1.375000     1908.000      1908    0.000
239  10   8  6  16  10  ...       881   10.500000     1916.000      2044  128.000
227   4   8  6  16  10  ...       463    6.625000      793.500       820   26.500
213   9   9  8  16  12  ...      1206   17.937500     2358.500      2452   93.500
178   9   9  8   4  16  ...      1201   11.500000     2399.000      2452   53.000
140  10   9  5  16  16  ...       771   89.208333     1899.500      1704  195.500
222  11   9  8  16  16  ...      1431  104.875000     2709.125      2996  286.875
179   9   9  8   8  16  ...      1205   15.500000     2399.000      2452   53.000
74   11   6  8  16  16  ...      1135  149.312500     2536.250      2996  459.750
142  10   9  7  16  16  ...      1119   28.375000     2316.000      2384   68.000
148  11   9  5  16  16  ...       829   58.000000     1997.250      1874  123.250
139  10   9  4  16  16  ...       625  138.062500     1646.625      1364  282.625
212   8   9  8  16  24  ...      1091    7.875000     2224.750      2180   44.750

[41 rows x 16 columns]
RESOURCE EST model: column 0 Mean absolute Error: 26.180977787456445
RESOURCE EST model: column 1 Mean absolute Error: 28.498983739837403
RESOURCE EST model: column 2 Mean absolute Error: 90.7469512195122
RESOURCE EST model: number of tests : 41
RESOURCE EST model: MAX Error column 0: 146.0625
RESOURCE EST model: MAX Error column 1: 149.3125
RESOURCE EST model: MAX Error column 2: 459.75
--------------------------------------
num_estimators = 18


 Y-value shapes:
(159, 3)
(41, 3)
(41, 3)



 THE FAILED TESTS (>5%) ARE:
      H   T  S   B   L  ...  Actual 1      Diff 1  Predicted 2  Actual 2      Diff 2
154   3   9  8   4  16  ...       529    2.000000   820.000000       820    0.000000
153   3   9  8   2  16  ...       529    2.000000   820.000000       820    0.000000
162   5   9  8   4  16  ...       752    1.888889  1364.000000      1364    0.000000
8     3  12  8  16  16  ...       612   38.555556  1061.777778       820  241.777778
98    5   9  3  16  16  ...       341    8.722222   506.444444       514    7.555556
119   7   9  8  16  16  ...       980    0.333333  1908.000000      1908    0.000000
5     3   9  8  16  16  ...       531    0.000000   820.000000       820    0.000000
129   9   9  2  16  16  ...       366   14.333333   634.888889       616   18.888889
25    5  11  8  16  16  ...       847   14.055556  1558.555556      1364  194.555556
3     3   7  8  16  16  ...       477   12.777778   844.555556       820   24.555556
124   8   9  5  16  16  ...       652   81.722222  1519.555556      1364  155.555556
165   6   9  8   2  16  ...       865    0.111111  1636.000000      1636    0.000000
34    6  11  8  16  16  ...       975   24.833333  1809.777778      1636  173.777778
21    5   7  8  16  16  ...       666   27.555556  1481.333333      1364  117.333333
100   5   9  5  16  16  ...       478   33.722222   929.555556       854   75.555556
121   8   9  2  16  16  ...       344   22.888889   587.666667       548   39.666667
118   7   9  7  16  16  ...       839   20.888889  1701.555556      1670   31.555556
167   6   9  8   8  16  ...       867    1.888889  1636.000000      1636    0.000000
192   3   9  8  16  24  ...       531    5.055556   850.222222       820   30.222222
1     3   5  8  16  16  ...       422   11.166667   782.333333       820   37.666667
73   11   5  8  16  16  ...      1036   87.666667  2628.222222      2996  367.777778
90    4   9  3  16  16  ...       309    8.277778   378.000000       412   34.000000
110   6   9  7  16  16  ...       747    1.055556  1417.777778      1432   14.222222
116   7   9  5  16  16  ...       595   22.111111  1195.666667      1194    1.666667
226   3   8  6  16  10  ...       396    0.055556   612.222222       616    3.777778
0     3   4  8  16  16  ...       375    0.111111   683.555556       724   40.444444
240  10   8  6  16  10  ...       881   12.277778  1917.777778      2044  126.222222
47    8   6  8  16  16  ...       877   62.888889  2068.222222      2180  111.777778
169   7   9  8   2  16  ...       975    1.111111  1908.000000      1908    0.000000
239  10   8  6  16  10  ...       881   12.277778  1917.777778      2044  126.222222
227   4   8  6  16  10  ...       463    5.222222   796.444444       820   23.555556
213   9   9  8  16  12  ...      1206   22.222222  2353.777778      2452   98.222222
178   9   9  8   4  16  ...      1201   17.777778  2388.888889      2452   63.111111
140  10   9  5  16  16  ...       771   84.962963  1881.555556      1704  177.555556
222  11   9  8  16  16  ...      1431  100.722222  2710.777778      2996  285.222222
179   9   9  8   8  16  ...      1205   21.777778  2388.888889      2452   63.111111
74   11   6  8  16  16  ...      1135  148.000000  2515.555556      2996  480.444444
142  10   9  7  16  16  ...      1119   40.555556  2291.444444      2384   92.555556
148  11   9  5  16  16  ...       829   59.000000  1983.555556      1874  109.555556
139  10   9  4  16  16  ...       625  137.111111  1634.777778      1364  270.777778
212   8   9  8  16  24  ...      1091    3.555556  2218.000000      2180   38.000000

[41 rows x 16 columns]
RESOURCE EST model: column 0 Mean absolute Error: 26.347048006194346
RESOURCE EST model: column 1 Mean absolute Error: 28.615627822944905
RESOURCE EST model: column 2 Mean absolute Error: 89.68021680216805
RESOURCE EST model: number of tests : 41
RESOURCE EST model: MAX Error column 0: 142.83333333333337
RESOURCE EST model: MAX Error column 1: 148.0
RESOURCE EST model: MAX Error column 2: 480.44444444444434
--------------------------------------
num_estimators = 20


 Y-value shapes:
(159, 3)
(41, 3)
(41, 3)



 THE FAILED TESTS (>5%) ARE:
      H   T  S   B   L  ...  Actual 1      Diff 1  Predicted 2  Actual 2  Diff 2
154   3   9  8   4  16  ...       529    2.000000        820.0       820     0.0
153   3   9  8   2  16  ...       529    2.000000        820.0       820     0.0
162   5   9  8   4  16  ...       752    1.800000       1364.0      1364     0.0
8     3  12  8  16  16  ...       612   37.800000       1064.8       820   244.8
98    5   9  3  16  16  ...       341    9.950000        507.2       514     6.8
119   7   9  8  16  16  ...       980    0.300000       1908.0      1908     0.0
5     3   9  8  16  16  ...       531    0.000000        820.0       820     0.0
129   9   9  2  16  16  ...       366   13.000000        629.6       616    13.6
25    5  11  8  16  16  ...       847   14.750000       1566.3      1364   202.3
3     3   7  8  16  16  ...       477   13.250000        837.0       820    17.0
124   8   9  5  16  16  ...       652   75.150000       1497.2      1364   133.2
165   6   9  8   2  16  ...       865    0.200000       1636.0      1636     0.0
34    6  11  8  16  16  ...       975   27.750000       1792.4      1636   156.4
21    5   7  8  16  16  ...       666   29.000000       1474.7      1364   110.7
100   5   9  5  16  16  ...       478   35.700000        925.8       854    71.8
121   8   9  2  16  16  ...       344   22.900000        587.1       548    39.1
118   7   9  7  16  16  ...       839   17.350000       1697.4      1670    27.4
167   6   9  8   8  16  ...       867    1.800000       1636.0      1636     0.0
192   3   9  8  16  24  ...       531    4.550000        847.2       820    27.2
1     3   5  8  16  16  ...       422    2.650000        818.9       820     1.1
73   11   5  8  16  16  ...      1036   91.750000       2633.8      2996   362.2
90    4   9  3  16  16  ...       309    6.550000        381.4       412    30.6
110   6   9  7  16  16  ...       747    0.600000       1416.4      1432    15.6
116   7   9  5  16  16  ...       595   18.900000       1192.1      1194     1.9
226   3   8  6  16  10  ...       396    2.650000        622.8       616     6.8
0     3   4  8  16  16  ...       375   12.200000        730.0       724     6.0
240  10   8  6  16  10  ...       881   10.933333       1930.4      2044   113.6
47    8   6  8  16  16  ...       877   65.100000       2052.2      2180   127.8
169   7   9  8   2  16  ...       975    0.900000       1908.0      1908     0.0
239  10   8  6  16  10  ...       881   10.933333       1930.4      2044   113.6
227   4   8  6  16  10  ...       463    5.650000        794.0       820    26.0
213   9   9  8  16  12  ...      1206   22.500000       2384.0      2452    68.0
178   9   9  8   4  16  ...      1201   15.500000       2395.2      2452    56.8
140  10   9  5  16  16  ...       771   82.866667       1877.4      1704   173.4
222  11   9  8  16  16  ...      1431  107.250000       2707.0      2996   289.0
179   9   9  8   8  16  ...      1205   19.500000       2395.2      2452    56.8
74   11   6  8  16  16  ...      1135  146.250000       2482.8      2996   513.2
142  10   9  7  16  16  ...      1119   35.100000       2293.1      2384    90.9
148  11   9  5  16  16  ...       829   60.650000       1989.6      1874   115.6
139  10   9  4  16  16  ...       625  127.700000       1600.9      1364   236.9
212   8   9  8  16  24  ...      1091    1.750000       2213.4      2180    33.4

[41 rows x 16 columns]
RESOURCE EST model: column 0 Mean absolute Error: 26.10551393728223
RESOURCE EST model: column 1 Mean absolute Error: 28.22276422764228
RESOURCE EST model: column 2 Mean absolute Error: 85.10975609756098
RESOURCE EST model: number of tests : 41
RESOURCE EST model: MAX Error column 0: 139.79999999999995
RESOURCE EST model: MAX Error column 1: 146.25
RESOURCE EST model: MAX Error column 2: 513.1999999999998
--------------------------------------
num_estimators = 22


 Y-value shapes:
(159, 3)
(41, 3)
(41, 3)



 THE FAILED TESTS (>5%) ARE:
      H   T  S   B   L  ...  Actual 1      Diff 1  Predicted 2  Actual 2      Diff 2
154   3   9  8   4  16  ...       529    2.000000   820.000000       820    0.000000
153   3   9  8   2  16  ...       529    2.000000   820.000000       820    0.000000
162   5   9  8   4  16  ...       752    1.818182  1364.000000      1364    0.000000
8     3  12  8  16  16  ...       612   34.545455  1054.909091       820  234.909091
98    5   9  3  16  16  ...       341   10.909091   509.363636       514    4.636364
119   7   9  8  16  16  ...       980    0.272727  1908.000000      1908    0.000000
5     3   9  8  16  16  ...       531    0.000000   820.000000       820    0.000000
129   9   9  2  16  16  ...       366   16.636364   642.272727       616   26.272727
25    5  11  8  16  16  ...       847   12.318182  1560.272727      1364  196.272727
3     3   7  8  16  16  ...       477   12.272727   847.818182       820   27.818182
124   8   9  5  16  16  ...       652   75.045455  1505.181818      1364  141.181818
165   6   9  8   2  16  ...       865    0.272727  1636.000000      1636    0.000000
34    6  11  8  16  16  ...       975   20.318182  1778.181818      1636  142.181818
21    5   7  8  16  16  ...       666   24.272727  1439.909091      1364   75.909091
100   5   9  5  16  16  ...       478   40.909091   940.909091       854   86.909091
121   8   9  2  16  16  ...       344   27.090909   600.545455       548   52.545455
118   7   9  7  16  16  ...       839   19.681818  1704.181818      1670   34.181818
167   6   9  8   8  16  ...       867    1.727273  1636.000000      1636    0.000000
192   3   9  8  16  24  ...       531    3.954545   857.090909       820   37.090909
1     3   5  8  16  16  ...       422    0.136364   819.000000       820    1.000000
73   11   5  8  16  16  ...      1036   99.772727  2634.727273      2996  361.272727
90    4   9  3  16  16  ...       309    9.045455   374.909091       412   37.090909
110   6   9  7  16  16  ...       747    2.227273  1427.636364      1432    4.363636
116   7   9  5  16  16  ...       595   21.909091  1209.272727      1194   15.272727
226   3   8  6  16  10  ...       396    0.863636   617.545455       616    1.545455
0     3   4  8  16  16  ...       375   17.909091   738.181818       724   14.181818
240  10   8  6  16  10  ...       881   16.121212  1959.272727      2044   84.727273
47    8   6  8  16  16  ...       877   62.227273  2076.181818      2180  103.818182
169   7   9  8   2  16  ...       975    1.000000  1908.000000      1908    0.000000
239  10   8  6  16  10  ...       881   16.121212  1959.272727      2044   84.727273
227   4   8  6  16  10  ...       463    5.454545   791.727273       820   28.272727
213   9   9  8  16  12  ...      1206   22.727273  2408.727273      2452   43.272727
178   9   9  8   4  16  ...      1201   13.409091  2408.090909      2452   43.909091
140  10   9  5  16  16  ...       771   80.787879  1878.636364      1704  174.636364
222  11   9  8  16  16  ...      1431  107.954545  2708.545455      2996  287.454545
179   9   9  8   8  16  ...      1205   17.409091  2408.090909      2452   43.909091
74   11   6  8  16  16  ...      1135  158.318182  2497.454545      2996  498.545455
142  10   9  7  16  16  ...      1119   35.000000  2327.636364      2384   56.363636
148  11   9  5  16  16  ...       829   55.318182  1980.636364      1874  106.636364
139  10   9  4  16  16  ...       625  126.409091  1608.727273      1364  244.727273
212   8   9  8  16  24  ...      1091    1.500000  2210.363636      2180   30.363636

[41 rows x 16 columns]
RESOURCE EST model: column 0 Mean absolute Error: 27.25390402280646
RESOURCE EST model: column 1 Mean absolute Error: 28.723577235772364
RESOURCE EST model: column 2 Mean absolute Error: 81.12195121951223
RESOURCE EST model: number of tests : 41
RESOURCE EST model: MAX Error column 0: 156.5454545454545
RESOURCE EST model: MAX Error column 1: 158.31818181818187
RESOURCE EST model: MAX Error column 2: 498.5454545454545
--------------------------------------
num_estimators = 24


 Y-value shapes:
(159, 3)
(41, 3)
(41, 3)



 THE FAILED TESTS (>5%) ARE:
      H   T  S   B   L  ...  Actual 1      Diff 1  Predicted 2  Actual 2      Diff 2
154   3   9  8   4  16  ...       529    2.000000   820.000000       820    0.000000
153   3   9  8   2  16  ...       529    2.000000   820.000000       820    0.000000
162   5   9  8   4  16  ...       752    1.750000  1364.000000      1364    0.000000
8     3  12  8  16  16  ...       612   34.250000  1058.000000       820  238.000000
98    5   9  3  16  16  ...       341   11.666667   512.583333       514    1.416667
119   7   9  8  16  16  ...       980    0.250000  1908.000000      1908    0.000000
5     3   9  8  16  16  ...       531    0.000000   820.000000       820    0.000000
129   9   9  2  16  16  ...       366   16.375000   642.916667       616   26.916667
25    5  11  8  16  16  ...       847   13.500000  1562.333333      1364  198.333333
3     3   7  8  16  16  ...       477   12.708333   841.250000       820   21.250000
124   8   9  5  16  16  ...       652   75.458333  1496.250000      1364  132.250000
165   6   9  8   2  16  ...       865    0.166667  1636.000000      1636    0.000000
34    6  11  8  16  16  ...       975   17.208333  1794.666667      1636  158.666667
21    5   7  8  16  16  ...       666   27.875000  1456.250000      1364   92.250000
100   5   9  5  16  16  ...       478   35.166667   930.833333       854   76.833333
121   8   9  2  16  16  ...       344   24.708333   593.333333       548   45.333333
118   7   9  7  16  16  ...       839   20.166667  1707.000000      1670   37.000000
167   6   9  8   8  16  ...       867    1.833333  1636.000000      1636    0.000000
192   3   9  8  16  24  ...       531    3.625000   854.000000       820   34.000000
1     3   5  8  16  16  ...       422    2.458333   819.083333       820    0.916667
73   11   5  8  16  16  ...      1036  102.166667  2638.833333      2996  357.166667
90    4   9  3  16  16  ...       309    6.250000   383.666667       412   28.333333
110   6   9  7  16  16  ...       747    0.125000  1436.500000      1432    4.500000
116   7   9  5  16  16  ...       595   17.833333  1205.166667      1194   11.166667
226   3   8  6  16  10  ...       396    0.666667   614.583333       616    1.416667
0     3   4  8  16  16  ...       375   22.666667   745.000000       724   21.000000
240  10   8  6  16  10  ...       881   19.902778  1974.833333      2044   69.166667
47    8   6  8  16  16  ...       877   63.625000  2073.500000      2180  106.500000
169   7   9  8   2  16  ...       975    1.083333  1908.000000      1908    0.000000
239  10   8  6  16  10  ...       881   19.902778  1974.833333      2044   69.166667
227   4   8  6  16  10  ...       463    5.083333   794.083333       820   25.916667
213   9   9  8  16  12  ...      1206   19.583333  2401.000000      2452   51.000000
178   9   9  8   4  16  ...      1201   11.875000  2411.750000      2452   40.250000
140  10   9  5  16  16  ...       771   85.597222  1912.250000      1704  208.250000
222  11   9  8  16  16  ...      1431  117.291667  2701.333333      2996  294.666667
179   9   9  8   8  16  ...      1205   15.875000  2411.750000      2452   40.250000
74   11   6  8  16  16  ...      1135  164.500000  2493.166667      2996  502.833333
142  10   9  7  16  16  ...      1119   37.833333  2309.666667      2384   74.333333
148  11   9  5  16  16  ...       829   59.541667  1985.916667      1874  111.916667
139  10   9  4  16  16  ...       625  124.791667  1591.166667      1364  227.166667
212   8   9  8  16  24  ...      1091    0.125000  2207.166667      2180   27.166667

[41 rows x 16 columns]
RESOURCE EST model: column 0 Mean absolute Error: 28.019911440185833
RESOURCE EST model: column 1 Mean absolute Error: 29.25575880758808
RESOURCE EST model: column 2 Mean absolute Error: 81.34959349593497
RESOURCE EST model: number of tests : 41
RESOURCE EST model: MAX Error column 0: 163.875
RESOURCE EST model: MAX Error column 1: 164.5
RESOURCE EST model: MAX Error column 2: 502.8333333333335
--------------------------------------
num_estimators = 26


 Y-value shapes:
(159, 3)
(41, 3)
(41, 3)



 THE FAILED TESTS (>5%) ARE:
      H   T  S   B   L  ...  Actual 1      Diff 1  Predicted 2  Actual 2      Diff 2
154   3   9  8   4  16  ...       529    2.000000   820.000000       820    0.000000
153   3   9  8   2  16  ...       529    2.000000   820.000000       820    0.000000
162   5   9  8   4  16  ...       752    1.692308  1364.000000      1364    0.000000
8     3  12  8  16  16  ...       612   35.384615  1060.615385       820  240.615385
98    5   9  3  16  16  ...       341   12.384615   512.692308       514    1.307692
119   7   9  8  16  16  ...       980    0.230769  1908.000000      1908    0.000000
5     3   9  8  16  16  ...       531    0.000000   820.000000       820    0.000000
129   9   9  2  16  16  ...       366   17.653846   643.461538       616   27.461538
25    5  11  8  16  16  ...       847   11.538462  1557.538462      1364  193.538462
3     3   7  8  16  16  ...       477    9.807692   846.153846       820   26.153846
124   8   9  5  16  16  ...       652   72.538462  1491.307692      1364  127.307692
165   6   9  8   2  16  ...       865    0.230769  1636.000000      1636    0.000000
34    6  11  8  16  16  ...       975   16.269231  1803.384615      1636  167.384615
21    5   7  8  16  16  ...       666   23.615385  1449.153846      1364   85.153846
100   5   9  5  16  16  ...       478   33.461538   930.153846       854   76.153846
121   8   9  2  16  16  ...       344   26.076923   592.461538       548   44.461538
118   7   9  7  16  16  ...       839   23.115385  1709.384615      1670   39.384615
167   6   9  8   8  16  ...       867    1.769231  1636.000000      1636    0.000000
192   3   9  8  16  24  ...       531    3.346154   851.384615       820   31.384615
1     3   5  8  16  16  ...       422    5.423077   839.461538       820   19.461538
73   11   5  8  16  16  ...      1036   98.269231  2627.076923      2996  368.923077
90    4   9  3  16  16  ...       309    5.076923   385.846154       412   26.153846
110   6   9  7  16  16  ...       747    0.961538  1433.538462      1432    1.538462
116   7   9  5  16  16  ...       595   15.692308  1201.692308      1194    7.692308
226   3   8  6  16  10  ...       396    1.961538   612.076923       616    3.923077
0     3   4  8  16  16  ...       375   23.269231   749.846154       724   25.846154
240  10   8  6  16  10  ...       881   23.641026  1993.230769      2044   50.769231
47    8   6  8  16  16  ...       877   69.346154  2071.846154      2180  108.153846
169   7   9  8   2  16  ...       975    0.923077  1908.000000      1908    0.000000
239  10   8  6  16  10  ...       881   23.641026  1993.230769      2044   50.769231
227   4   8  6  16  10  ...       463    2.384615   792.153846       820   27.846154
213   9   9  8  16  12  ...      1206   20.769231  2373.538462      2452   78.461538
178   9   9  8   4  16  ...      1201   17.500000  2403.076923      2452   48.923077
140  10   9  5  16  16  ...       771   86.743590  1932.846154      1704  228.846154
222  11   9  8  16  16  ...      1431  113.000000  2709.615385      2996  286.384615
179   9   9  8   8  16  ...      1205   21.500000  2403.076923      2452   48.923077
74   11   6  8  16  16  ...      1135  163.423077  2492.615385      2996  503.384615
142  10   9  7  16  16  ...      1119   20.500000  2331.076923      2384   52.923077
148  11   9  5  16  16  ...       829   66.038462  1998.230769      1874  124.230769
139  10   9  4  16  16  ...       625  120.153846  1578.923077      1364  214.923077
212   8   9  8  16  24  ...      1091    2.923077  2207.692308      2180   27.692308

[41 rows x 16 columns]
RESOURCE EST model: column 0 Mean absolute Error: 27.411437952291617
RESOURCE EST model: column 1 Mean absolute Error: 29.176985616010004
RESOURCE EST model: column 2 Mean absolute Error: 82.09943714821765
RESOURCE EST model: number of tests : 41
RESOURCE EST model: MAX Error column 0: 161.80769230769226
RESOURCE EST model: MAX Error column 1: 163.4230769230769
RESOURCE EST model: MAX Error column 2: 503.38461538461524
--------------------------------------
num_estimators = 28


 Y-value shapes:
(159, 3)
(41, 3)
(41, 3)



 THE FAILED TESTS (>5%) ARE:
      H   T  S   B   L  ...  Actual 1      Diff 1  Predicted 2  Actual 2      Diff 2
154   3   9  8   4  16  ...       529    2.000000   820.000000       820    0.000000
153   3   9  8   2  16  ...       529    2.000000   820.000000       820    0.000000
162   5   9  8   4  16  ...       752    1.714286  1364.000000      1364    0.000000
8     3  12  8  16  16  ...       612   35.071429  1062.857143       820  242.857143
98    5   9  3  16  16  ...       341   12.964286   514.000000       514    0.000000
119   7   9  8  16  16  ...       980    0.214286  1908.000000      1908    0.000000
5     3   9  8  16  16  ...       531    0.000000   820.000000       820    0.000000
129   9   9  2  16  16  ...       366   16.892857   641.500000       616   25.500000
25    5  11  8  16  16  ...       847   10.250000  1549.785714      1364  185.785714
3     3   7  8  16  16  ...       477    8.000000   854.000000       820   34.000000
124   8   9  5  16  16  ...       652   72.500000  1494.357143      1364  130.357143
165   6   9  8   2  16  ...       865    0.285714  1636.000000      1636    0.000000
34    6  11  8  16  16  ...       975    5.107143  1781.714286      1636  145.714286
21    5   7  8  16  16  ...       666   26.750000  1462.500000      1364   98.500000
100   5   9  5  16  16  ...       478   33.464286   934.428571       854   80.428571
121   8   9  2  16  16  ...       344   25.857143   591.714286       548   43.714286
118   7   9  7  16  16  ...       839   25.535714  1721.142857      1670   51.142857
167   6   9  8   8  16  ...       867    1.714286  1636.000000      1636    0.000000
192   3   9  8  16  24  ...       531    3.107143   849.142857       820   29.142857
1     3   5  8  16  16  ...       422    3.892857   827.142857       820    7.142857
73   11   5  8  16  16  ...      1036   96.750000  2634.000000      2996  362.000000
90    4   9  3  16  16  ...       309    4.928571   387.714286       412   24.285714
110   6   9  7  16  16  ...       747    3.357143  1431.000000      1432    1.000000
116   7   9  5  16  16  ...       595   15.500000  1203.571429      1194    9.571429
226   3   8  6  16  10  ...       396    4.285714   606.285714       616    9.714286
0     3   4  8  16  16  ...       375   20.285714   735.428571       724   11.428571
240  10   8  6  16  10  ...       881   23.809524  1991.285714      2044   52.714286
47    8   6  8  16  16  ...       877   71.142857  2060.142857      2180  119.857143
169   7   9  8   2  16  ...       975    0.964286  1908.000000      1908    0.000000
239  10   8  6  16  10  ...       881   23.809524  1991.285714      2044   52.714286
227   4   8  6  16  10  ...       463    0.071429   790.500000       820   29.500000
213   9   9  8  16  12  ...      1206   20.000000  2384.000000      2452   68.000000
178   9   9  8   4  16  ...      1201   15.892857  2406.571429      2452   45.428571
140  10   9  5  16  16  ...       771   84.369048  1922.571429      1704  218.571429
222  11   9  8  16  16  ...      1431  113.607143  2707.000000      2996  289.000000
179   9   9  8   8  16  ...      1205   19.892857  2406.571429      2452   45.428571
74   11   6  8  16  16  ...      1135  164.107143  2499.428571      2996  496.571429
142  10   9  7  16  16  ...      1119   20.750000  2319.071429      2384   64.928571
148  11   9  5  16  16  ...       829   61.000000  1983.285714      1874  109.285714
139  10   9  4  16  16  ...       625  116.142857  1570.857143      1364  206.857143
212   8   9  8  16  24  ...      1091    3.750000  2205.142857      2180   25.142857

[41 rows x 16 columns]
RESOURCE EST model: column 0 Mean absolute Error: 27.06105649576904
RESOURCE EST model: column 1 Mean absolute Error: 28.578977932636473
RESOURCE EST model: column 2 Mean absolute Error: 80.88501742160278
RESOURCE EST model: number of tests : 41
RESOURCE EST model: MAX Error column 0: 162.8928571428571
RESOURCE EST model: MAX Error column 1: 164.1071428571429
RESOURCE EST model: MAX Error column 2: 496.57142857142844
--------------------------------------
num_estimators = 30


 Y-value shapes:
(159, 3)
(41, 3)
(41, 3)



 THE FAILED TESTS (>5%) ARE:
      H   T  S   B   L  ...  Actual 1      Diff 1  Predicted 2  Actual 2      Diff 2
154   3   9  8   4  16  ...       529    2.000000   820.000000       820    0.000000
153   3   9  8   2  16  ...       529    2.000000   820.000000       820    0.000000
162   5   9  8   4  16  ...       752    1.666667  1364.000000      1364    0.000000
8     3  12  8  16  16  ...       612   36.000000  1064.800000       820  244.800000
98    5   9  3  16  16  ...       341   10.766667   509.466667       514    4.533333
119   7   9  8  16  16  ...       980    0.200000  1908.000000      1908    0.000000
5     3   9  8  16  16  ...       531    0.000000   820.000000       820    0.000000
129   9   9  2  16  16  ...       366   17.533333   639.800000       616   23.800000
25    5  11  8  16  16  ...       847   10.966667  1555.533333      1364  191.533333
3     3   7  8  16  16  ...       477    3.600000   869.866667       820   49.866667
124   8   9  5  16  16  ...       652   74.033333  1494.733333      1364  130.733333
165   6   9  8   2  16  ...       865    0.466667  1636.000000      1636    0.000000
34    6  11  8  16  16  ...       975    4.166667  1778.800000      1636  142.800000
21    5   7  8  16  16  ...       666   27.633333  1474.066667      1364  110.066667
100   5   9  5  16  16  ...       478   31.766667   926.800000       854   72.800000
121   8   9  2  16  16  ...       344   22.800000   584.266667       548   36.266667
118   7   9  7  16  16  ...       839   22.866667  1717.066667      1670   47.066667
167   6   9  8   8  16  ...       867    1.533333  1636.000000      1636    0.000000
192   3   9  8  16  24  ...       531    2.900000   847.200000       820   27.200000
1     3   5  8  16  16  ...       422    5.400000   825.533333       820    5.533333
73   11   5  8  16  16  ...      1036   98.666667  2628.266667      2996  367.733333
90    4   9  3  16  16  ...       309    4.000000   389.333333       412   22.666667
110   6   9  7  16  16  ...       747    4.133333  1428.800000      1432    3.200000
116   7   9  5  16  16  ...       595   16.000000  1205.200000      1194   11.200000
226   3   8  6  16  10  ...       396    6.600000   600.133333       616   15.866667
0     3   4  8  16  16  ...       375   21.266667   734.266667       724   10.266667
240  10   8  6  16  10  ...       881   17.516667  1981.200000      2044   62.800000
47    8   6  8  16  16  ...       877   69.933333  2050.000000      2180  130.000000
169   7   9  8   2  16  ...       975    1.033333  1908.000000      1908    0.000000
239  10   8  6  16  10  ...       881   17.516667  1981.200000      2044   62.800000
227   4   8  6  16  10  ...       463    0.133333   792.466667       820   27.533333
213   9   9  8  16  12  ...      1206   18.700000  2388.533333      2452   63.466667
178   9   9  8   4  16  ...      1201   14.533333  2409.600000      2452   42.400000
140  10   9  5  16  16  ...       771   84.677778  1917.066667      1704  213.066667
222  11   9  8  16  16  ...      1431  114.133333  2704.733333      2996  291.266667
179   9   9  8   8  16  ...      1205   18.533333  2409.600000      2452   42.400000
74   11   6  8  16  16  ...      1135  161.800000  2496.266667      2996  499.733333
142  10   9  7  16  16  ...      1119   29.100000  2307.533333      2384   76.466667
148  11   9  5  16  16  ...       829   61.533333  1980.533333      1874  106.533333
139  10   9  4  16  16  ...       625  111.333333  1566.133333      1364  202.133333
212   8   9  8  16  24  ...      1091    5.600000  2202.333333      2180   22.333333

[41 rows x 16 columns]
RESOURCE EST model: column 0 Mean absolute Error: 26.697433217189317
RESOURCE EST model: column 1 Mean absolute Error: 28.171815718157177
RESOURCE EST model: column 2 Mean absolute Error: 81.97235772357725
RESOURCE EST model: number of tests : 41
RESOURCE EST model: MAX Error column 0: 159.93333333333328
RESOURCE EST model: MAX Error column 1: 161.79999999999995
RESOURCE EST model: MAX Error column 2: 499.7333333333331
[29.08861789 30.91056911 95.19512195]
[30.41219512 32.55487805 97.84756098]
[29.47505226 31.64878049 99.89268293]
[27.25766551 29.6097561  95.54471545]
[27.30657043 29.69337979 91.32404181]
[26.18097779 28.49898374 90.74695122]
[26.34704801 28.61562782 89.6802168 ]
[26.10551394 28.22276423 85.1097561 ]
[27.25390402 28.72357724 81.12195122]
[28.01991144 29.25575881 81.3495935 ]
[27.41143795 29.17698562 82.09943715]
[27.0610565  28.57897793 80.88501742]
[26.69743322 28.17181572 81.97235772]
MINIMIZED at 28
----------------------------------






 PREDICTING RESOURCE USAGES NOW
--------------------------------------
num_estimators = 6
THE X TEST DATA IS:
      H   T  S   B   L  H*T*S  H*L
154   3   9  8   4  16    216   48
153   3   9  8   2  16    216   48
162   5   9  8   4  16    360   80
8     3  12  8  16  16    288   48
98    5   9  3  16  16    135   80
119   7   9  8  16  16    504  112
5     3   9  8  16  16    216   48
129   9   9  2  16  16    162  144
25    5  11  8  16  16    440   80
3     3   7  8  16  16    168   48
124   8   9  5  16  16    360  128
165   6   9  8   2  16    432   96
34    6  11  8  16  16    528   96
21    5   7  8  16  16    280   80
100   5   9  5  16  16    225   80
121   8   9  2  16  16    144  128
118   7   9  7  16  16    441  112
167   6   9  8   8  16    432   96
192   3   9  8  16  24    216   72
1     3   5  8  16  16    120   48
73   11   5  8  16  16    440  176
90    4   9  3  16  16    108   64
110   6   9  7  16  16    378   96
116   7   9  5  16  16    315  112
226   3   8  6  16  10    144   30
0     3   4  8  16  16     96   48
240  10   8  6  16  10    480  100
47    8   6  8  16  16    384  128
169   7   9  8   2  16    504  112
239  10   8  6  16  10    480  100
227   4   8  6  16  10    192   40
213   9   9  8  16  12    648  108
178   9   9  8   4  16    648  144
140  10   9  5  16  16    450  160
222  11   9  8  16  16    792  176
179   9   9  8   8  16    648  144
74   11   6  8  16  16    528  176
142  10   9  7  16  16    630  160
148  11   9  5  16  16    495  176
139  10   9  4  16  16    360  160
212   8   9  8  16  24    576  192




THE Y TEST DATA IS:
     BRAM  URAM
154   532   168
153   532   168
162   749   280
8     454   180
98    749   280
119   964   392
5     532   168
129  1179   504
25    649   270
3     415   180
124  1070   448
165   857   336
34    736   324
21    554   300
100   747   280
121  1070   448
118   962   392
167   857   336
192   682   231
1     492   156
73   1252   572
90    640   224
110   857   336
116   964   392
226   430    90
0     556   144
240   949   300
47    840   440
169   962   392
239   949   300
227   503   120
213   947   378
178  1181   504
140  1286   560
222  1396   616
179  1179   504
74   1076   605
142  1288   560
148  1394   616
139  1286   560
212  1472   616


TRAINING DATA STATISTICS:
     #points = 159
     min     = BRAM    430
URAM     90
dtype: int64
     max     = BRAM    1631
URAM     693
dtype: int64
     mean    = BRAM    885.025157
URAM    348.018868
dtype: float64
     var     = BRAM    70500.543667
URAM    18383.854072
dtype: float64


TESTING DATA STATISTICS:
     #points = 41
     min     = BRAM    415
URAM     90
dtype: int64
     max     = BRAM    1472
URAM     616
dtype: int64
     mean    = BRAM    882.658537
URAM    357.804878
dtype: float64
     var     = BRAM    90756.830488
URAM    24508.010976
dtype: float64






 Y-value shapes:
(159, 2)
(41, 2)
(41, 2)



 THE FAILED TESTS (>5%) ARE:
      H   T  S   B   L  ...  Actual 0      Diff 0  Predicted 1  Actual 1     Diff 1
154   3   9  8   4  16  ...       532    0.000000   168.000000       168   0.000000
153   3   9  8   2  16  ...       532    0.000000   168.000000       168   0.000000
162   5   9  8   4  16  ...       749    0.333333   280.000000       280   0.000000
8     3  12  8  16  16  ...       454   27.000000   164.000000       180  16.000000
98    5   9  3  16  16  ...       749    0.333333   280.000000       280   0.000000
119   7   9  8  16  16  ...       964    0.000000   392.000000       392   0.000000
5     3   9  8  16  16  ...       532    0.000000   168.000000       168   0.000000
129   9   9  2  16  16  ...      1179    0.000000   504.000000       504   0.000000
25    5  11  8  16  16  ...       649   50.333333   280.000000       270  10.000000
3     3   7  8  16  16  ...       415   63.666667   162.000000       180  18.000000
124   8   9  5  16  16  ...      1070    0.000000   448.000000       448   0.000000
165   6   9  8   2  16  ...       857    0.000000   336.000000       336   0.000000
34    6  11  8  16  16  ...       736   71.833333   340.000000       324  16.000000
21    5   7  8  16  16  ...       554  208.666667   250.000000       300  50.000000
100   5   9  5  16  16  ...       747    0.000000   280.000000       280   0.000000
121   8   9  2  16  16  ...      1070    0.000000   448.000000       448   0.000000
118   7   9  7  16  16  ...       962    0.666667   392.000000       392   0.000000
167   6   9  8   8  16  ...       857    0.000000   336.000000       336   0.000000
192   3   9  8  16  24  ...       682   22.000000   252.000000       231  21.000000
1     3   5  8  16  16  ...       492   13.666667   162.000000       156   6.000000
73   11   5  8  16  16  ...      1252  186.833333   572.000000       572   0.000000
90    4   9  3  16  16  ...       640    1.333333   224.000000       224   0.000000
110   6   9  7  16  16  ...       857    1.666667   336.000000       336   0.000000
116   7   9  5  16  16  ...       964    2.000000   392.000000       392   0.000000
226   3   8  6  16  10  ...       430   37.000000   105.000000        90  15.000000
0     3   4  8  16  16  ...       556   77.666667   162.000000       144  18.000000
240  10   8  6  16  10  ...       949  101.666667   294.000000       300   6.000000
47    8   6  8  16  16  ...       840  129.166667   419.166667       440  20.833333
169   7   9  8   2  16  ...       962    0.333333   392.000000       392   0.000000
239  10   8  6  16  10  ...       949  101.666667   294.000000       300   6.000000
227   4   8  6  16  10  ...       503   11.333333   115.000000       120   5.000000
213   9   9  8  16  12  ...       947   26.333333   381.666667       378   3.666667
178   9   9  8   4  16  ...      1181   12.000000   492.000000       504  12.000000
140  10   9  5  16  16  ...      1286    4.333333   556.500000       560   3.500000
222  11   9  8  16  16  ...      1396   67.333333   616.000000       616   0.000000
179   9   9  8   8  16  ...      1179   14.000000   492.000000       504  12.000000
74   11   6  8  16  16  ...      1076  362.833333   572.000000       605  33.000000
142  10   9  7  16  16  ...      1288    2.666667   556.500000       560   3.500000
148  11   9  5  16  16  ...      1394    0.000000   616.000000       616   0.000000
139  10   9  4  16  16  ...      1286   13.333333   546.666667       560  13.333333
212   8   9  8  16  24  ...      1472   66.666667   654.500000       616  38.500000

[41 rows x 13 columns]
RESOURCE EST model: column 0 Mean absolute Error: 40.943089430894304
RESOURCE EST model: column 1 Mean absolute Error: 7.983739837398375
RESOURCE EST model: number of tests : 41
RESOURCE EST model: MAX Error column 0: 362.83333333333326
RESOURCE EST model: MAX Error column 1: 50.0
--------------------------------------
num_estimators = 8


 Y-value shapes:
(159, 2)
(41, 2)
(41, 2)



 THE FAILED TESTS (>5%) ARE:
      H   T  S   B   L  ...  Actual 0   Diff 0  Predicted 1  Actual 1  Diff 1
154   3   9  8   4  16  ...       532    0.000      168.000       168   0.000
153   3   9  8   2  16  ...       532    0.000      168.000       168   0.000
162   5   9  8   4  16  ...       749    0.250      280.000       280   0.000
8     3  12  8  16  16  ...       454   25.000      163.500       180  16.500
98    5   9  3  16  16  ...       749    0.750      280.000       280   0.000
119   7   9  8  16  16  ...       964    0.000      392.000       392   0.000
5     3   9  8  16  16  ...       532    0.000      168.000       168   0.000
129   9   9  2  16  16  ...      1179    0.000      504.000       504   0.000
25    5  11  8  16  16  ...       649   54.875      280.000       270  10.000
3     3   7  8  16  16  ...       415   69.250      160.125       180  19.875
124   8   9  5  16  16  ...      1070    0.375      448.000       448   0.000
165   6   9  8   2  16  ...       857    0.000      336.000       336   0.000
34    6  11  8  16  16  ...       736   55.500      342.000       324  18.000
21    5   7  8  16  16  ...       554  201.625      250.000       300  50.000
100   5   9  5  16  16  ...       747    0.000      280.000       280   0.000
121   8   9  2  16  16  ...      1070    0.375      448.000       448   0.000
118   7   9  7  16  16  ...       962    0.750      392.000       392   0.000
167   6   9  8   8  16  ...       857    0.000      336.000       336   0.000
192   3   9  8  16  24  ...       682   32.750      259.000       231  28.000
1     3   5  8  16  16  ...       492    8.000      160.125       156   4.125
73   11   5  8  16  16  ...      1252  186.750      572.000       572   0.000
90    4   9  3  16  16  ...       640    2.625      220.000       224   4.000
110   6   9  7  16  16  ...       857    1.500      336.000       336   0.000
116   7   9  5  16  16  ...       964    2.000      392.000       392   0.000
226   3   8  6  16  10  ...       430   27.750      101.250        90  11.250
0     3   4  8  16  16  ...       556   72.000      160.125       144  16.125
240  10   8  6  16  10  ...       949   95.250      288.000       300  12.000
47    8   6  8  16  16  ...       840  123.875      422.375       440  17.625
169   7   9  8   2  16  ...       962    0.250      392.000       392   0.000
239  10   8  6  16  10  ...       949   95.250      288.000       300  12.000
227   4   8  6  16  10  ...       503   12.875      125.250       120   5.250
213   9   9  8  16  12  ...       947   37.625      391.250       378  13.250
178   9   9  8   4  16  ...      1181    9.000      495.000       504   9.000
140  10   9  5  16  16  ...      1286    3.250      557.375       560   2.625
222  11   9  8  16  16  ...      1396   95.750      609.000       616   7.000
179   9   9  8   8  16  ...      1179   11.000      495.000       504   9.000
74   11   6  8  16  16  ...      1076  362.750      572.000       605  33.000
142  10   9  7  16  16  ...      1288    1.750      557.375       560   2.625
148  11   9  5  16  16  ...      1394    0.000      616.000       616   0.000
139  10   9  4  16  16  ...      1286   10.000      550.000       560  10.000
212   8   9  8  16  24  ...      1472   60.125      654.500       616  38.500

[41 rows x 13 columns]
RESOURCE EST model: column 0 Mean absolute Error: 40.50914634146341
RESOURCE EST model: column 1 Mean absolute Error: 8.53048780487805
RESOURCE EST model: number of tests : 41
RESOURCE EST model: MAX Error column 0: 362.75
RESOURCE EST model: MAX Error column 1: 50.0
--------------------------------------
num_estimators = 10


 Y-value shapes:
(159, 2)
(41, 2)
(41, 2)



 THE FAILED TESTS (>5%) ARE:
      H   T  S   B   L  ...  Actual 0  Diff 0  Predicted 1  Actual 1  Diff 1
154   3   9  8   4  16  ...       532     0.0        168.0       168     0.0
153   3   9  8   2  16  ...       532     0.0        168.0       168     0.0
162   5   9  8   4  16  ...       749     0.4        280.0       280     0.0
8     3  12  8  16  16  ...       454    26.2        163.8       180    16.2
98    5   9  3  16  16  ...       749     3.1        276.0       280     4.0
119   7   9  8  16  16  ...       964     0.0        392.0       392     0.0
5     3   9  8  16  16  ...       532     0.0        168.0       168     0.0
129   9   9  2  16  16  ...      1179     0.0        504.0       504     0.0
25    5  11  8  16  16  ...       649    63.5        280.0       270    10.0
3     3   7  8  16  16  ...       415    81.2        159.3       180    20.7
124   8   9  5  16  16  ...      1070     0.3        448.0       448     0.0
165   6   9  8   2  16  ...       857     0.0        336.0       336     0.0
34    6  11  8  16  16  ...       736    45.7        343.2       324    19.2
21    5   7  8  16  16  ...       554   197.4        250.0       300    50.0
100   5   9  5  16  16  ...       747     0.0        280.0       280     0.0
121   8   9  2  16  16  ...      1070     0.3        448.0       448     0.0
118   7   9  7  16  16  ...       962     0.6        392.0       392     0.0
167   6   9  8   8  16  ...       857     0.0        336.0       336     0.0
192   3   9  8  16  24  ...       682    33.5        257.6       231    26.6
1     3   5  8  16  16  ...       492     4.0        159.3       156     3.3
73   11   5  8  16  16  ...      1252   154.1        571.2       572     0.8
90    4   9  3  16  16  ...       640     1.7        220.8       224     3.2
110   6   9  7  16  16  ...       857     1.4        336.0       336     0.0
116   7   9  5  16  16  ...       964     2.0        392.0       392     0.0
226   3   8  6  16  10  ...       430    32.0        105.6        90    15.6
0     3   4  8  16  16  ...       556    60.0        159.3       144    15.3
240  10   8  6  16  10  ...       949    91.4        284.4       300    15.6
47    8   6  8  16  16  ...       840    83.1        433.9       440     6.1
169   7   9  8   2  16  ...       962     0.4        392.0       392     0.0
239  10   8  6  16  10  ...       949    91.4        284.4       300    15.6
227   4   8  6  16  10  ...       503     5.5        124.8       120     4.8
213   9   9  8  16  12  ...       947    33.5        391.4       378    13.4
178   9   9  8   4  16  ...      1181     7.2        496.8       504     7.2
140  10   9  5  16  16  ...      1286     2.6        557.9       560     2.1
222  11   9  8  16  16  ...      1396    90.2        610.4       616     5.6
179   9   9  8   8  16  ...      1179     9.2        496.8       504     7.2
74   11   6  8  16  16  ...      1076   330.1        571.2       605    33.8
142  10   9  7  16  16  ...      1288     1.0        557.9       560     2.1
148  11   9  5  16  16  ...      1394     0.2        616.0       616     0.0
139  10   9  4  16  16  ...      1286     8.0        552.0       560     8.0
212   8   9  8  16  24  ...      1472    43.0        654.5       616    38.5

[41 rows x 13 columns]
RESOURCE EST model: column 0 Mean absolute Error: 36.68780487804877
RESOURCE EST model: column 1 Mean absolute Error: 8.41219512195122
RESOURCE EST model: number of tests : 41
RESOURCE EST model: MAX Error column 0: 330.0999999999999
RESOURCE EST model: MAX Error column 1: 50.0
--------------------------------------
num_estimators = 12


 Y-value shapes:
(159, 2)
(41, 2)
(41, 2)



 THE FAILED TESTS (>5%) ARE:
      H   T  S   B   L  ...  Actual 0      Diff 0  Predicted 1  Actual 1     Diff 1
154   3   9  8   4  16  ...       532    0.000000   168.000000       168   0.000000
153   3   9  8   2  16  ...       532    0.000000   168.000000       168   0.000000
162   5   9  8   4  16  ...       749    0.333333   280.000000       280   0.000000
8     3  12  8  16  16  ...       454   25.000000   163.500000       180  16.500000
98    5   9  3  16  16  ...       749    2.416667   276.666667       280   3.333333
119   7   9  8  16  16  ...       964    0.000000   392.000000       392   0.000000
5     3   9  8  16  16  ...       532    0.000000   168.000000       168   0.000000
129   9   9  2  16  16  ...      1179    0.000000   504.000000       504   0.000000
25    5  11  8  16  16  ...       649   69.250000   280.000000       270  10.000000
3     3   7  8  16  16  ...       415   82.000000   158.500000       180  21.500000
124   8   9  5  16  16  ...      1070    0.500000   448.000000       448   0.000000
165   6   9  8   2  16  ...       857    0.000000   336.000000       336   0.000000
34    6  11  8  16  16  ...       736   46.083333   342.000000       324  18.000000
21    5   7  8  16  16  ...       554  203.166667   248.333333       300  51.666667
100   5   9  5  16  16  ...       747    0.000000   280.000000       280   0.000000
121   8   9  2  16  16  ...      1070    0.500000   448.000000       448   0.000000
118   7   9  7  16  16  ...       962    0.666667   392.000000       392   0.000000
167   6   9  8   8  16  ...       857    0.000000   336.000000       336   0.000000
192   3   9  8  16  24  ...       682   34.000000   256.666667       231  25.666667
1     3   5  8  16  16  ...       492    4.833333   158.500000       156   2.500000
73   11   5  8  16  16  ...      1252  112.666667   568.583333       572   3.416667
90    4   9  3  16  16  ...       640    1.083333   221.333333       224   2.666667
110   6   9  7  16  16  ...       857    1.333333   336.000000       336   0.000000
116   7   9  5  16  16  ...       964    2.000000   392.000000       392   0.000000
226   3   8  6  16  10  ...       430   37.166667   107.500000        90  17.500000
0     3   4  8  16  16  ...       556   59.166667   158.500000       144  14.500000
240  10   8  6  16  10  ...       949   88.833333   282.000000       300  18.000000
47    8   6  8  16  16  ...       840   90.583333   430.916667       440   9.083333
169   7   9  8   2  16  ...       962    0.500000   392.000000       392   0.000000
239  10   8  6  16  10  ...       949   88.833333   282.000000       300  18.000000
227   4   8  6  16  10  ...       503    9.083333   126.000000       120   6.000000
213   9   9  8  16  12  ...       947   30.750000   391.500000       378  13.500000
178   9   9  8   4  16  ...      1181    6.000000   498.000000       504   6.000000
140  10   9  5  16  16  ...      1286    8.583333   554.916667       560   5.083333
222  11   9  8  16  16  ...      1396  105.333333   606.666667       616   9.333333
179   9   9  8   8  16  ...      1179    8.000000   498.000000       504   6.000000
74   11   6  8  16  16  ...      1076  288.666667   568.583333       605  36.416667
142  10   9  7  16  16  ...      1288    0.500000   558.250000       560   1.750000
148  11   9  5  16  16  ...      1394    0.166667   616.000000       616   0.000000
139  10   9  4  16  16  ...      1286   13.333333   546.666667       560  13.333333
212   8   9  8  16  24  ...      1472   42.750000   654.500000       616  38.500000

[41 rows x 13 columns]
RESOURCE EST model: column 0 Mean absolute Error: 35.70934959349594
RESOURCE EST model: column 1 Mean absolute Error: 8.981707317073171
RESOURCE EST model: number of tests : 41
RESOURCE EST model: MAX Error column 0: 288.66666666666674
RESOURCE EST model: MAX Error column 1: 51.66666666666666
--------------------------------------
num_estimators = 14


 Y-value shapes:
(159, 2)
(41, 2)
(41, 2)



 THE FAILED TESTS (>5%) ARE:
      H   T  S   B   L  ...  Actual 0      Diff 0  Predicted 1  Actual 1     Diff 1
154   3   9  8   4  16  ...       532    0.000000   168.000000       168   0.000000
153   3   9  8   2  16  ...       532    0.000000   168.000000       168   0.000000
162   5   9  8   4  16  ...       749    0.428571   280.000000       280   0.000000
8     3  12  8  16  16  ...       454   24.142857   163.285714       180  16.714286
98    5   9  3  16  16  ...       749    2.071429   277.142857       280   2.857143
119   7   9  8  16  16  ...       964    0.142857   392.000000       392   0.000000
5     3   9  8  16  16  ...       532    0.000000   168.000000       168   0.000000
129   9   9  2  16  16  ...      1179    0.000000   504.000000       504   0.000000
25    5  11  8  16  16  ...       649   69.142857   280.000000       270  10.000000
3     3   7  8  16  16  ...       415   84.071429   158.357143       180  21.642857
124   8   9  5  16  16  ...      1070    4.785714   443.500000       448   4.500000
165   6   9  8   2  16  ...       857    0.000000   336.000000       336   0.000000
34    6  11  8  16  16  ...       736   46.357143   341.142857       324  17.142857
21    5   7  8  16  16  ...       554  207.285714   247.142857       300  52.857143
100   5   9  5  16  16  ...       747    0.000000   280.000000       280   0.000000
121   8   9  2  16  16  ...      1070    4.785714   443.500000       448   4.500000
118   7   9  7  16  16  ...       962    0.571429   392.000000       392   0.000000
167   6   9  8   8  16  ...       857    0.000000   336.000000       336   0.000000
192   3   9  8  16  24  ...       682   27.357143   254.000000       231  23.000000
1     3   5  8  16  16  ...       492    6.928571   158.357143       156   2.357143
73   11   5  8  16  16  ...      1252  129.571429   562.785714       572   9.214286
90    4   9  3  16  16  ...       640    0.642857   221.714286       224   2.285714
110   6   9  7  16  16  ...       857    1.428571   336.000000       336   0.000000
116   7   9  5  16  16  ...       964    2.000000   392.000000       392   0.000000
226   3   8  6  16  10  ...       430   33.571429   107.571429        90  17.571429
0     3   4  8  16  16  ...       556   57.071429   158.357143       144  14.357143
240  10   8  6  16  10  ...       949   87.000000   280.285714       300  19.714286
47    8   6  8  16  16  ...       840   81.071429   433.357143       440   6.642857
169   7   9  8   2  16  ...       962    0.428571   392.000000       392   0.000000
239  10   8  6  16  10  ...       949   87.000000   280.285714       300  19.714286
227   4   8  6  16  10  ...       503   13.142857   127.285714       120   7.285714
213   9   9  8  16  12  ...       947   22.714286   391.571429       378  13.571429
178   9   9  8   4  16  ...      1181    5.142857   498.857143       504   5.142857
140  10   9  5  16  16  ...      1286    7.357143   555.642857       560   4.357143
222  11   9  8  16  16  ...      1396   99.857143   600.142857       616  15.857143
179   9   9  8   8  16  ...      1179    7.142857   498.857143       504   5.142857
74   11   6  8  16  16  ...      1076  305.571429   562.785714       605  42.214286
142  10   9  7  16  16  ...      1288    0.142857   558.500000       560   1.500000
148  11   9  5  16  16  ...      1394    0.142857   616.000000       616   0.000000
139  10   9  4  16  16  ...      1286   11.428571   548.571429       560  11.428571
212   8   9  8  16  24  ...      1472   48.785714   648.214286       616  32.214286

[41 rows x 13 columns]
RESOURCE EST model: column 0 Mean absolute Error: 36.080139372822295
RESOURCE EST model: column 1 Mean absolute Error: 9.36062717770035
RESOURCE EST model: number of tests : 41
RESOURCE EST model: MAX Error column 0: 305.57142857142867
RESOURCE EST model: MAX Error column 1: 52.85714285714286
--------------------------------------
num_estimators = 16


 Y-value shapes:
(159, 2)
(41, 2)
(41, 2)



 THE FAILED TESTS (>5%) ARE:
      H   T  S   B   L  ...  Actual 0    Diff 0  Predicted 1  Actual 1   Diff 1
154   3   9  8   4  16  ...       532    0.0000     168.0000       168   0.0000
153   3   9  8   2  16  ...       532    0.0000     168.0000       168   0.0000
162   5   9  8   4  16  ...       749    0.5000     280.0000       280   0.0000
8     3  12  8  16  16  ...       454   23.5000     163.1250       180  16.8750
98    5   9  3  16  16  ...       749    1.8125     277.5000       280   2.5000
119   7   9  8  16  16  ...       964    0.1250     392.0000       392   0.0000
5     3   9  8  16  16  ...       532    0.0000     168.0000       168   0.0000
129   9   9  2  16  16  ...      1179    0.0000     504.0000       504   0.0000
25    5  11  8  16  16  ...       649   65.3750     280.0000       270  10.0000
3     3   7  8  16  16  ...       415   77.4375     159.1875       180  20.8125
124   8   9  5  16  16  ...      1070    4.1875     444.0625       448   3.9375
165   6   9  8   2  16  ...       857    0.0000     336.0000       336   0.0000
34    6  11  8  16  16  ...       736   46.5625     340.5000       324  16.5000
21    5   7  8  16  16  ...       554  207.9375     248.7500       300  51.2500
100   5   9  5  16  16  ...       747    0.1250     280.0000       280   0.0000
121   8   9  2  16  16  ...      1070    4.1875     444.0625       448   3.9375
118   7   9  7  16  16  ...       962    0.5000     392.0000       392   0.0000
167   6   9  8   8  16  ...       857    0.0000     336.0000       336   0.0000
192   3   9  8  16  24  ...       682   28.5000     253.7500       231  22.7500
1     3   5  8  16  16  ...       492    0.3125     159.1875       156   3.1875
73   11   5  8  16  16  ...      1252  121.8750     557.9375       572  14.0625
90    4   9  3  16  16  ...       640    0.3125     222.0000       224   2.0000
110   6   9  7  16  16  ...       857    1.5000     336.0000       336   0.0000
116   7   9  5  16  16  ...       964    2.0000     392.0000       392   0.0000
226   3   8  6  16  10  ...       430   29.3750     105.3750        90  15.3750
0     3   4  8  16  16  ...       556   63.6875     159.1875       144  15.1875
240  10   8  6  16  10  ...       949   85.6250     279.0000       300  21.0000
47    8   6  8  16  16  ...       840   97.3125     429.1875       440  10.8125
169   7   9  8   2  16  ...       962    0.3750     392.0000       392   0.0000
239  10   8  6  16  10  ...       949   85.6250     279.0000       300  21.0000
227   4   8  6  16  10  ...       503   11.7500     128.2500       120   8.2500
213   9   9  8  16  12  ...       947   23.1250     391.6250       378  13.6250
178   9   9  8   4  16  ...      1181    2.8750     497.2500       504   6.7500
140  10   9  5  16  16  ...      1286    6.4375     556.1875       560   3.8125
222  11   9  8  16  16  ...      1396   95.7500     602.1250       616  13.8750
179   9   9  8   8  16  ...      1179    0.8750     497.2500       504   6.7500
74   11   6  8  16  16  ...      1076  297.8750     557.9375       605  47.0625
142  10   9  7  16  16  ...      1288    0.1250     558.6875       560   1.3125
148  11   9  5  16  16  ...      1394    0.2500     616.0000       616   0.0000
139  10   9  4  16  16  ...      1286   10.0000     550.0000       560  10.0000
212   8   9  8  16  24  ...      1472   33.1875     644.1875       616  28.1875

[41 rows x 13 columns]
RESOURCE EST model: column 0 Mean absolute Error: 34.90243902439025
RESOURCE EST model: column 1 Mean absolute Error: 9.53201219512195
RESOURCE EST model: number of tests : 41
RESOURCE EST model: MAX Error column 0: 297.875
RESOURCE EST model: MAX Error column 1: 51.25
--------------------------------------
num_estimators = 18


 Y-value shapes:
(159, 2)
(41, 2)
(41, 2)



 THE FAILED TESTS (>5%) ARE:
      H   T  S   B   L  ...  Actual 0      Diff 0  Predicted 1  Actual 1     Diff 1
154   3   9  8   4  16  ...       532    0.000000   168.000000       168   0.000000
153   3   9  8   2  16  ...       532    0.000000   168.000000       168   0.000000
162   5   9  8   4  16  ...       749    0.555556   280.000000       280   0.000000
8     3  12  8  16  16  ...       454   26.722222   163.333333       180  16.666667
98    5   9  3  16  16  ...       749    1.500000   277.777778       280   2.222222
119   7   9  8  16  16  ...       964    0.111111   392.000000       392   0.000000
5     3   9  8  16  16  ...       532    0.000000   168.000000       168   0.000000
129   9   9  2  16  16  ...      1179    1.222222   501.666667       504   2.333333
25    5  11  8  16  16  ...       649   62.444444   280.000000       270  10.000000
3     3   7  8  16  16  ...       415   72.277778   159.833333       180  20.166667
124   8   9  5  16  16  ...      1070    3.722222   444.500000       448   3.500000
165   6   9  8   2  16  ...       857    0.000000   336.000000       336   0.000000
34    6  11  8  16  16  ...       736   46.722222   340.000000       324  16.000000
21    5   7  8  16  16  ...       554  210.611111   247.777778       300  52.222222
100   5   9  5  16  16  ...       747    0.111111   280.000000       280   0.000000
121   8   9  2  16  16  ...      1070    3.722222   444.500000       448   3.500000
118   7   9  7  16  16  ...       962    0.555556   392.000000       392   0.000000
167   6   9  8   8  16  ...       857    0.000000   336.000000       336   0.000000
192   3   9  8  16  24  ...       682   31.944444   255.111111       231  24.111111
1     3   5  8  16  16  ...       492    4.833333   159.833333       156   3.833333
73   11   5  8  16  16  ...      1252  129.166667   559.500000       572  12.500000
90    4   9  3  16  16  ...       640    0.055556   222.222222       224   1.777778
110   6   9  7  16  16  ...       857    1.555556   336.000000       336   0.000000
116   7   9  5  16  16  ...       964    2.000000   392.000000       392   0.000000
226   3   8  6  16  10  ...       430   35.777778   109.666667        90  19.666667
0     3   4  8  16  16  ...       556   68.833333   159.833333       144  15.833333
240  10   8  6  16  10  ...       949   84.555556   278.000000       300  22.000000
47    8   6  8  16  16  ...       840   89.166667   431.277778       440   8.722222
169   7   9  8   2  16  ...       962    0.333333   392.000000       392   0.000000
239  10   8  6  16  10  ...       949   84.555556   278.000000       300  22.000000
227   4   8  6  16  10  ...       503   12.000000   130.000000       120  10.000000
213   9   9  8  16  12  ...       947   25.555556   388.222222       378  10.222222
178   9   9  8   4  16  ...      1181    0.944444   493.333333       504  10.666667
140  10   9  5  16  16  ...      1286    5.722222   556.611111       560   3.388889
222  11   9  8  16  16  ...      1396   80.277778   598.777778       616  17.222222
179   9   9  8   8  16  ...      1179    2.944444   493.333333       504  10.666667
74   11   6  8  16  16  ...      1076  305.166667   559.500000       605  45.500000
142  10   9  7  16  16  ...      1288    0.333333   558.833333       560   1.166667
148  11   9  5  16  16  ...      1394    0.444444   616.000000       616   0.000000
139  10   9  4  16  16  ...      1286    8.888889   551.111111       560   8.888889
212   8   9  8  16  24  ...      1472   11.722222   632.500000       616  16.500000

[41 rows x 13 columns]
RESOURCE EST model: column 0 Mean absolute Error: 34.56233062330622
RESOURCE EST model: column 1 Mean absolute Error: 9.543360433604336
RESOURCE EST model: number of tests : 41
RESOURCE EST model: MAX Error column 0: 305.16666666666674
RESOURCE EST model: MAX Error column 1: 52.22222222222223
--------------------------------------
num_estimators = 20


 Y-value shapes:
(159, 2)
(41, 2)
(41, 2)



 THE FAILED TESTS (>5%) ARE:
      H   T  S   B   L  ...  Actual 0  Diff 0  Predicted 1  Actual 1  Diff 1
154   3   9  8   4  16  ...       532    0.00       168.00       168    0.00
153   3   9  8   2  16  ...       532    0.00       168.00       168    0.00
162   5   9  8   4  16  ...       749    0.50       280.00       280    0.00
8     3  12  8  16  16  ...       454   27.15       163.50       180   16.50
98    5   9  3  16  16  ...       749    1.25       278.00       280    2.00
119   7   9  8  16  16  ...       964    0.10       392.00       392    0.00
5     3   9  8  16  16  ...       532    0.00       168.00       168    0.00
129   9   9  2  16  16  ...      1179    1.10       501.90       504    2.10
25    5  11  8  16  16  ...       649   64.80       280.70       270   10.70
3     3   7  8  16  16  ...       415   68.15       160.35       180   19.65
124   8   9  5  16  16  ...      1070    3.35       444.85       448    3.15
165   6   9  8   2  16  ...       857    0.00       336.00       336    0.00
34    6  11  8  16  16  ...       736   42.70       340.80       324   16.80
21    5   7  8  16  16  ...       554  212.75       247.00       300   53.00
100   5   9  5  16  16  ...       747    0.10       280.00       280    0.00
121   8   9  2  16  16  ...      1070    3.35       444.85       448    3.15
118   7   9  7  16  16  ...       962    0.60       392.00       392    0.00
167   6   9  8   8  16  ...       857    0.00       336.00       336    0.00
192   3   9  8  16  24  ...       682   27.60       253.40       231   22.40
1     3   5  8  16  16  ...       492    8.95       160.35       156    4.35
73   11   5  8  16  16  ...      1252  139.35       556.35       572   15.65
90    4   9  3  16  16  ...       640    0.05       222.40       224    1.60
110   6   9  7  16  16  ...       857    1.60       336.00       336    0.00
116   7   9  5  16  16  ...       964    2.00       392.00       392    0.00
226   3   8  6  16  10  ...       430   38.50       110.40        90   20.40
0     3   4  8  16  16  ...       556   72.95       160.35       144   16.35
240  10   8  6  16  10  ...       949   76.35       280.20       300   19.80
47    8   6  8  16  16  ...       840  109.75       426.55       440   13.45
169   7   9  8   2  16  ...       962    0.30       392.00       392    0.00
239  10   8  6  16  10  ...       949   76.35       280.20       300   19.80
227   4   8  6  16  10  ...       503   13.50       130.20       120   10.20
213   9   9  8  16  12  ...       947   24.70       388.60       378   10.60
178   9   9  8   4  16  ...      1181    0.85       494.40       504    9.60
140  10   9  5  16  16  ...      1286    5.15       556.95       560    3.05
222  11   9  8  16  16  ...      1396   72.35       600.50       616   15.50
179   9   9  8   8  16  ...      1179    2.85       494.40       504    9.60
74   11   6  8  16  16  ...      1076  315.35       556.35       605   48.65
142  10   9  7  16  16  ...      1288    0.50       558.95       560    1.05
148  11   9  5  16  16  ...      1394    0.40       616.00       616    0.00
139  10   9  4  16  16  ...      1286    8.00       552.00       560    8.00
212   8   9  8  16  24  ...      1472    1.25       627.00       616   11.00

[41 rows x 13 columns]
RESOURCE EST model: column 0 Mean absolute Error: 34.7451219512195
RESOURCE EST model: column 1 Mean absolute Error: 9.465853658536583
RESOURCE EST model: number of tests : 41
RESOURCE EST model: MAX Error column 0: 315.3499999999999
RESOURCE EST model: MAX Error column 1: 53.0
--------------------------------------
num_estimators = 22


 Y-value shapes:
(159, 2)
(41, 2)
(41, 2)



 THE FAILED TESTS (>5%) ARE:
      H   T  S   B   L  ...  Actual 0      Diff 0  Predicted 1  Actual 1     Diff 1
154   3   9  8   4  16  ...       532    0.000000   168.000000       168   0.000000
153   3   9  8   2  16  ...       532    0.000000   168.000000       168   0.000000
162   5   9  8   4  16  ...       749    0.545455   280.000000       280   0.000000
8     3  12  8  16  16  ...       454   27.500000   163.636364       180  16.363636
98    5   9  3  16  16  ...       749    1.045455   278.181818       280   1.818182
119   7   9  8  16  16  ...       964    0.181818   392.000000       392   0.000000
5     3   9  8  16  16  ...       532    0.000000   168.000000       168   0.000000
129   9   9  2  16  16  ...      1179    1.000000   502.090909       504   1.909091
25    5  11  8  16  16  ...       649   62.454545   280.636364       270  10.636364
3     3   7  8  16  16  ...       415   64.772727   160.772727       180  19.227273
124   8   9  5  16  16  ...      1070    3.045455   445.136364       448   2.863636
165   6   9  8   2  16  ...       857    0.000000   336.000000       336   0.000000
34    6  11  8  16  16  ...       736   43.181818   340.363636       324  16.363636
21    5   7  8  16  16  ...       554  215.090909   246.363636       300  53.636364
100   5   9  5  16  16  ...       747    0.090909   280.000000       280   0.000000
121   8   9  2  16  16  ...      1070    3.045455   445.136364       448   2.863636
118   7   9  7  16  16  ...       962    0.545455   392.000000       392   0.000000
167   6   9  8   8  16  ...       857    0.000000   336.000000       336   0.000000
192   3   9  8  16  24  ...       682   21.181818   250.727273       231  19.727273
1     3   5  8  16  16  ...       492   12.318182   160.772727       156   4.772727
73   11   5  8  16  16  ...      1252  147.681818   553.772727       572  18.227273
90    4   9  3  16  16  ...       640    0.136364   222.545455       224   1.454545
110   6   9  7  16  16  ...       857    1.454545   336.000000       336   0.000000
116   7   9  5  16  16  ...       964    2.000000   392.000000       392   0.000000
226   3   8  6  16  10  ...       430   39.545455   112.090909        90  22.090909
0     3   4  8  16  16  ...       556   76.318182   160.772727       144  16.772727
240  10   8  6  16  10  ...       949   75.272727   283.090909       300  16.909091
47    8   6  8  16  16  ...       840  111.409091   425.590909       440  14.409091
169   7   9  8   2  16  ...       962    0.363636   392.000000       392   0.000000
239  10   8  6  16  10  ...       949   75.272727   283.090909       300  16.909091
227   4   8  6  16  10  ...       503   15.681818   130.636364       120  10.636364
213   9   9  8  16  12  ...       947   20.818182   391.454545       378  13.454545
178   9   9  8   4  16  ...      1181    4.045455   492.000000       504  12.000000
140  10   9  5  16  16  ...      1286    9.545455   554.681818       560   5.318182
222  11   9  8  16  16  ...      1396   69.590909   598.409091       616  17.590909
179   9   9  8   8  16  ...      1179    6.045455   492.000000       504  12.000000
74   11   6  8  16  16  ...      1076  323.681818   553.772727       605  51.227273
142  10   9  7  16  16  ...      1288    0.909091   554.045455       560   5.954545
148  11   9  5  16  16  ...      1394    0.545455   616.000000       616   0.000000
139  10   9  4  16  16  ...      1286    2.409091   550.181818       560   9.818182
212   8   9  8  16  24  ...      1472   11.863636   622.500000       616   6.500000

[41 rows x 13 columns]
RESOURCE EST model: column 0 Mean absolute Error: 35.38026607538802
RESOURCE EST model: column 1 Mean absolute Error: 9.791574279379166
RESOURCE EST model: number of tests : 41
RESOURCE EST model: MAX Error column 0: 323.68181818181824
RESOURCE EST model: MAX Error column 1: 53.636363636363626
--------------------------------------
num_estimators = 24


 Y-value shapes:
(159, 2)
(41, 2)
(41, 2)



 THE FAILED TESTS (>5%) ARE:
      H   T  S   B   L  ...  Actual 0      Diff 0  Predicted 1  Actual 1     Diff 1
154   3   9  8   4  16  ...       532    0.000000   168.000000       168   0.000000
153   3   9  8   2  16  ...       532    0.000000   168.000000       168   0.000000
162   5   9  8   4  16  ...       749    0.500000   280.000000       280   0.000000
8     3  12  8  16  16  ...       454   28.791667   164.000000       180  16.000000
98    5   9  3  16  16  ...       749    0.875000   278.333333       280   1.666667
119   7   9  8  16  16  ...       964    0.166667   392.000000       392   0.000000
5     3   9  8  16  16  ...       532    0.000000   168.000000       168   0.000000
129   9   9  2  16  16  ...      1179    0.916667   502.250000       504   1.750000
25    5  11  8  16  16  ...       649   62.958333   280.583333       270  10.583333
3     3   7  8  16  16  ...       415   61.958333   161.125000       180  18.875000
124   8   9  5  16  16  ...      1070    2.791667   445.375000       448   2.625000
165   6   9  8   2  16  ...       857    0.000000   336.000000       336   0.000000
34    6  11  8  16  16  ...       736   49.958333   340.000000       324  16.000000
21    5   7  8  16  16  ...       554  212.208333   246.666667       300  53.333333
100   5   9  5  16  16  ...       747    0.083333   280.000000       280   0.000000
121   8   9  2  16  16  ...      1070    0.125000   442.708333       448   5.291667
118   7   9  7  16  16  ...       962    0.583333   392.000000       392   0.000000
167   6   9  8   8  16  ...       857    0.000000   336.000000       336   0.000000
192   3   9  8  16  24  ...       682   22.458333   250.833333       231  19.833333
1     3   5  8  16  16  ...       492   15.125000   161.125000       156   5.125000
73   11   5  8  16  16  ...      1252  154.625000   551.625000       572  20.375000
90    4   9  3  16  16  ...       640    0.125000   222.666667       224   1.333333
110   6   9  7  16  16  ...       857    1.416667   336.000000       336   0.000000
116   7   9  5  16  16  ...       964    2.000000   392.000000       392   0.000000
226   3   8  6  16  10  ...       430   39.333333   111.500000        90  21.500000
0     3   4  8  16  16  ...       556   79.125000   161.125000       144  17.125000
240  10   8  6  16  10  ...       949   74.000000   282.750000       300  17.250000
47    8   6  8  16  16  ...       840  112.791667   424.791667       440  15.208333
169   7   9  8   2  16  ...       962    0.416667   392.000000       392   0.000000
239  10   8  6  16  10  ...       949   74.000000   282.750000       300  17.250000
227   4   8  6  16  10  ...       503   14.458333   129.750000       120   9.750000
213   9   9  8  16  12  ...       947   17.041667   388.333333       378  10.333333
178   9   9  8   4  16  ...      1181    3.708333   493.000000       504  11.000000
140  10   9  5  16  16  ...      1286    8.750000   555.125000       560   4.875000
222  11   9  8  16  16  ...      1396   69.375000   599.875000       616  16.125000
179   9   9  8   8  16  ...      1179    5.708333   493.000000       504  11.000000
74   11   6  8  16  16  ...      1076  330.625000   551.625000       605  53.375000
142  10   9  7  16  16  ...      1288    0.666667   554.541667       560   5.458333
148  11   9  5  16  16  ...      1394    0.500000   616.000000       616   0.000000
139  10   9  4  16  16  ...      1286    2.208333   551.000000       560   9.000000
212   8   9  8  16  24  ...      1472   20.791667   618.750000       616   2.750000

[41 rows x 13 columns]
RESOURCE EST model: column 0 Mean absolute Error: 35.88211382113821
RESOURCE EST model: column 1 Mean absolute Error: 9.629065040650406
RESOURCE EST model: number of tests : 41
RESOURCE EST model: MAX Error column 0: 330.625
RESOURCE EST model: MAX Error column 1: 53.375
--------------------------------------
num_estimators = 26


 Y-value shapes:
(159, 2)
(41, 2)
(41, 2)



 THE FAILED TESTS (>5%) ARE:
      H   T  S   B   L  ...  Actual 0      Diff 0  Predicted 1  Actual 1     Diff 1
154   3   9  8   4  16  ...       532    0.000000   168.000000       168   0.000000
153   3   9  8   2  16  ...       532    0.000000   168.000000       168   0.000000
162   5   9  8   4  16  ...       749    0.461538   280.000000       280   0.000000
8     3  12  8  16  16  ...       454   28.038462   163.846154       180  16.153846
98    5   9  3  16  16  ...       749    0.807692   278.461538       280   1.538462
119   7   9  8  16  16  ...       964    0.153846   392.000000       392   0.000000
5     3   9  8  16  16  ...       532    0.000000   168.000000       168   0.000000
129   9   9  2  16  16  ...      1179    0.846154   502.384615       504   1.615385
25    5  11  8  16  16  ...       649   61.115385   280.538462       270  10.538462
3     3   7  8  16  16  ...       415   68.038462   159.807692       180  20.192308
124   8   9  5  16  16  ...      1070    2.576923   445.576923       448   2.423077
165   6   9  8   2  16  ...       857    0.000000   336.000000       336   0.000000
34    6  11  8  16  16  ...       736   52.807692   338.076923       324  14.076923
21    5   7  8  16  16  ...       554  213.730769   246.153846       300  53.846154
100   5   9  5  16  16  ...       747    0.153846   280.000000       280   0.000000
121   8   9  2  16  16  ...      1070    0.115385   443.115385       448   4.884615
118   7   9  7  16  16  ...       962    0.615385   392.000000       392   0.000000
167   6   9  8   8  16  ...       857    0.000000   336.000000       336   0.000000
192   3   9  8  16  24  ...       682   25.384615   252.000000       231  21.000000
1     3   5  8  16  16  ...       492    9.038462   159.807692       156   3.807692
73   11   5  8  16  16  ...      1252  157.153846   553.192308       572  18.807692
90    4   9  3  16  16  ...       640    1.000000   221.538462       224   2.461538
110   6   9  7  16  16  ...       857    1.384615   336.000000       336   0.000000
116   7   9  5  16  16  ...       964    2.000000   392.000000       392   0.000000
226   3   8  6  16  10  ...       430   39.153846   111.000000        90  21.000000
0     3   4  8  16  16  ...       556   73.038462   159.807692       144  15.807692
240  10   8  6  16  10  ...       949   74.153846   281.769231       300  18.230769
47    8   6  8  16  16  ...       840  109.615385   428.576923       440  11.423077
169   7   9  8   2  16  ...       962    0.384615   392.000000       392   0.000000
239  10   8  6  16  10  ...       949   74.153846   281.769231       300  18.230769
227   4   8  6  16  10  ...       503   10.576923   127.846154       120   7.846154
213   9   9  8  16  12  ...       947   21.576923   390.769231       378  12.769231
178   9   9  8   4  16  ...      1181    2.500000   492.230769       504  11.769231
140  10   9  5  16  16  ...      1286    8.076923   555.500000       560   4.500000
222  11   9  8  16  16  ...      1396   69.192308   601.115385       616  14.884615
179   9   9  8   8  16  ...      1179    4.500000   492.230769       504  11.769231
74   11   6  8  16  16  ...      1076  333.153846   553.192308       605  51.807692
142  10   9  7  16  16  ...      1288    0.538462   554.961538       560   5.038462
148  11   9  5  16  16  ...      1394    0.538462   616.000000       616   0.000000
139  10   9  4  16  16  ...      1286    2.038462   551.692308       560   8.307692
212   8   9  8  16  24  ...      1472   19.230769   618.538462       616   2.538462

[41 rows x 13 columns]
RESOURCE EST model: column 0 Mean absolute Error: 35.80112570356473
RESOURCE EST model: column 1 Mean absolute Error: 9.445590994371479
RESOURCE EST model: number of tests : 41
RESOURCE EST model: MAX Error column 0: 333.1538461538462
RESOURCE EST model: MAX Error column 1: 53.84615384615384
--------------------------------------
num_estimators = 28


 Y-value shapes:
(159, 2)
(41, 2)
(41, 2)



 THE FAILED TESTS (>5%) ARE:
      H   T  S   B   L  ...  Actual 0      Diff 0  Predicted 1  Actual 1     Diff 1
154   3   9  8   4  16  ...       532    0.000000   168.000000       168   0.000000
153   3   9  8   2  16  ...       532    0.000000   168.000000       168   0.000000
162   5   9  8   4  16  ...       749    0.500000   280.000000       280   0.000000
8     3  12  8  16  16  ...       454   28.250000   163.928571       180  16.071429
98    5   9  3  16  16  ...       749    0.678571   278.571429       280   1.428571
119   7   9  8  16  16  ...       964    0.142857   392.000000       392   0.000000
5     3   9  8  16  16  ...       532    0.000000   168.000000       168   0.000000
129   9   9  2  16  16  ...      1179    0.785714   502.500000       504   1.500000
25    5  11  8  16  16  ...       649   61.642857   280.500000       270  10.500000
3     3   7  8  16  16  ...       415   65.392857   160.178571       180  19.821429
124   8   9  5  16  16  ...      1070    2.392857   445.750000       448   2.250000
165   6   9  8   2  16  ...       857    0.000000   336.000000       336   0.000000
34    6  11  8  16  16  ...       736   57.928571   337.928571       324  13.928571
21    5   7  8  16  16  ...       554  211.250000   248.928571       300  51.071429
100   5   9  5  16  16  ...       747    0.142857   280.000000       280   0.000000
121   8   9  2  16  16  ...      1070    0.107143   443.464286       448   4.535714
118   7   9  7  16  16  ...       962    0.642857   392.000000       392   0.000000
167   6   9  8   8  16  ...       857    0.000000   336.000000       336   0.000000
192   3   9  8  16  24  ...       682   27.892857   253.000000       231  22.000000
1     3   5  8  16  16  ...       492   11.678571   160.178571       156   4.178571
73   11   5  8  16  16  ...      1252  164.535714   560.428571       572  11.571429
90    4   9  3  16  16  ...       640    1.964286   220.571429       224   3.428571
110   6   9  7  16  16  ...       857    1.428571   336.000000       336   0.000000
116   7   9  5  16  16  ...       964    2.000000   392.000000       392   0.000000
226   3   8  6  16  10  ...       430   42.571429   113.357143        90  23.357143
0     3   4  8  16  16  ...       556   75.678571   160.178571       144  16.178571
240  10   8  6  16  10  ...       949   74.285714   280.928571       300  19.071429
47    8   6  8  16  16  ...       840  114.321429   429.535714       440  10.464286
169   7   9  8   2  16  ...       962    0.357143   392.000000       392   0.000000
239  10   8  6  16  10  ...       949   74.285714   280.928571       300  19.071429
227   4   8  6  16  10  ...       503   10.892857   129.000000       120   9.000000
213   9   9  8  16  12  ...       947   28.000000   387.500000       378   9.500000
178   9   9  8   4  16  ...      1181    2.321429   493.071429       504  10.928571
140  10   9  5  16  16  ...      1286    7.500000   555.821429       560   4.178571
222  11   9  8  16  16  ...      1396   60.642857   604.928571       616  11.071429
179   9   9  8   8  16  ...      1179    4.321429   493.071429       504  10.928571
74   11   6  8  16  16  ...      1076  340.535714   560.428571       605  44.571429
142  10   9  7  16  16  ...      1288    0.357143   555.321429       560   4.678571
148  11   9  5  16  16  ...      1394    0.500000   616.000000       616   0.000000
139  10   9  4  16  16  ...      1286    4.750000   549.428571       560  10.571429
212   8   9  8  16  24  ...      1472    6.500000   623.857143       616   7.857143

[41 rows x 13 columns]
RESOURCE EST model: column 0 Mean absolute Error: 36.27264808362369
RESOURCE EST model: column 1 Mean absolute Error: 9.114982578397214
RESOURCE EST model: number of tests : 41
RESOURCE EST model: MAX Error column 0: 340.5357142857142
RESOURCE EST model: MAX Error column 1: 51.071428571428584
--------------------------------------
num_estimators = 30


 Y-value shapes:
(159, 2)
(41, 2)
(41, 2)



 THE FAILED TESTS (>5%) ARE:
      H   T  S   B   L  ...  Actual 0      Diff 0  Predicted 1  Actual 1     Diff 1
154   3   9  8   4  16  ...       532    0.000000   168.000000       168   0.000000
153   3   9  8   2  16  ...       532    0.000000   168.000000       168   0.000000
162   5   9  8   4  16  ...       749    0.466667   280.000000       280   0.000000
8     3  12  8  16  16  ...       454   27.633333   163.800000       180  16.200000
98    5   9  3  16  16  ...       749    0.566667   278.666667       280   1.333333
119   7   9  8  16  16  ...       964    0.133333   392.000000       392   0.000000
5     3   9  8  16  16  ...       532    0.000000   168.000000       168   0.000000
129   9   9  2  16  16  ...      1179    0.733333   502.600000       504   1.400000
25    5  11  8  16  16  ...       649   62.833333   279.533333       270   9.533333
3     3   7  8  16  16  ...       415   69.633333   159.900000       180  20.100000
124   8   9  5  16  16  ...      1070    8.066667   442.733333       448   5.266667
165   6   9  8   2  16  ...       857    0.000000   336.000000       336   0.000000
34    6  11  8  16  16  ...       736   57.266667   337.800000       324  13.800000
21    5   7  8  16  16  ...       554  212.633333   248.333333       300  51.666667
100   5   9  5  16  16  ...       747    0.200000   280.000000       280   0.000000
121   8   9  2  16  16  ...      1070    2.533333   441.666667       448   6.333333
118   7   9  7  16  16  ...       962    0.600000   392.000000       392   0.000000
167   6   9  8   8  16  ...       857    0.000000   336.000000       336   0.000000
192   3   9  8  16  24  ...       682   26.433333   252.000000       231  21.000000
1     3   5  8  16  16  ...       492    7.433333   159.900000       156   3.900000
73   11   5  8  16  16  ...      1252  168.966667   558.266667       572  13.733333
90    4   9  3  16  16  ...       640    1.700000   220.800000       224   3.200000
110   6   9  7  16  16  ...       857    1.466667   336.000000       336   0.000000
116   7   9  5  16  16  ...       964    2.000000   392.000000       392   0.000000
226   3   8  6  16  10  ...       430   42.200000   112.800000        90  22.800000
0     3   4  8  16  16  ...       556   71.433333   159.900000       144  15.900000
240  10   8  6  16  10  ...       949   74.400000   280.200000       300  19.800000
47    8   6  8  16  16  ...       840  108.300000   430.766667       440   9.233333
169   7   9  8   2  16  ...       962    0.400000   392.000000       392   0.000000
239  10   8  6  16  10  ...       949   74.400000   280.200000       300  19.800000
227   4   8  6  16  10  ...       503   10.233333   128.400000       120   8.400000
213   9   9  8  16  12  ...       947   26.266667   389.200000       378  11.200000
178   9   9  8   4  16  ...      1181    4.566667   491.400000       504  12.600000
140  10   9  5  16  16  ...      1286    7.000000   556.100000       560   3.900000
222  11   9  8  16  16  ...      1396   61.300000   600.866667       616  15.133333
179   9   9  8   8  16  ...      1179    6.566667   491.400000       504  12.600000
74   11   6  8  16  16  ...      1076  344.966667   558.266667       605  46.733333
142  10   9  7  16  16  ...      1288    0.200000   555.633333       560   4.366667
148  11   9  5  16  16  ...      1394    0.466667   616.000000       616   0.000000
139  10   9  4  16  16  ...      1286    4.433333   550.133333       560   9.866667
212   8   9  8  16  24  ...      1472    4.533333   628.466667       616  12.466667

[41 rows x 13 columns]
RESOURCE EST model: column 0 Mean absolute Error: 36.41382113821139
RESOURCE EST model: column 1 Mean absolute Error: 9.567479674796749
RESOURCE EST model: number of tests : 41
RESOURCE EST model: MAX Error column 0: 344.9666666666667
RESOURCE EST model: MAX Error column 1: 51.66666666666666
[40.94308943  7.98373984]
[40.50914634  8.5304878 ]
[36.68780488  8.41219512]
[35.70934959  8.98170732]
[36.08013937  9.36062718]
[34.90243902  9.5320122 ]
[34.56233062  9.54336043]
[34.74512195  9.46585366]
[35.38026608  9.79157428]
[35.88211382  9.62906504]
[35.8011257   9.44559099]
[36.27264808  9.11498258]
[36.41382114  9.56747967]
MINIMIZED at 18
----------------------------------
----------------------------------
----------------------------------
----------------------------------
----------------------------------
--- TRAINING BITSTREAM/FREQUENCY MODELS NOW
----------------------------------
----------------------------------
----------------------------------
----------------------------------
----------------------------------






 PREDICTING BITSTREAM COMPLETION NOW
--------------------------------------
num_estimators = 5
THE X TEST DATA IS:
         %LUT       %FF      %DSP     %BRAM     %URAM
154  0.390337  0.203682  0.090869  0.263889  0.175000
153  0.390337  0.203682  0.090869  0.263889  0.175000
162  0.564263  0.289112  0.151152  0.371252  0.291667
8    0.487045  0.248205  0.117781  0.238453  0.170139
98   0.257943  0.135775  0.056959  0.372272  0.289352
119  0.751725  0.375829  0.211436  0.478119  0.408333
5    0.392392  0.203682  0.090869  0.263889  0.175000
129  0.282592  0.146871  0.071088  0.584215  0.522569
25   0.653867  0.328826  0.171740  0.352899  0.291667
3    0.336684  0.179900  0.094637  0.241705  0.166493
124  0.548332  0.277906  0.165598  0.528908  0.463021
165  0.654771  0.331909  0.181294  0.425099  0.350000
34   0.756874  0.375952  0.197442  0.388255  0.354167
21   0.511613  0.265727  0.162068  0.379271  0.258102
100  0.378917  0.196189  0.103549  0.370591  0.291667
121  0.271911  0.141871  0.065571  0.528908  0.463021
118  0.655565  0.331621  0.190729  0.477458  0.408333
167  0.654771  0.331909  0.181294  0.425099  0.350000
192  0.390557  0.202491  0.094098  0.354139  0.265741
1    0.299984  0.163365  0.091660  0.241650  0.166493
73   0.682707  0.360280  0.291888  0.685103  0.582812
90   0.217244  0.116637  0.042965  0.317488  0.231481
110  0.559861  0.285249  0.158577  0.424328  0.350000
116  0.461410  0.234177  0.133374  0.477183  0.408333
226  0.282702  0.150255  0.067186  0.231041  0.114236
0    0.276211  0.151625  0.081497  0.241650  0.166493
240  0.683611  0.347069  0.220666  0.428792  0.289583
47   0.588519  0.309113  0.228296  0.460896  0.449248
169  0.741920  0.374363  0.211436  0.477348  0.408333
239  0.683611  0.347069  0.220666  0.428792  0.289583
227  0.337478  0.177626  0.087600  0.255456  0.135417
213  0.919259  0.454929  0.264184  0.482418  0.404398
178  0.915945  0.454587  0.266686  0.586282  0.513889
140  0.649923  0.328105  0.213051  0.635058  0.579803
222  1.021418  0.505329  0.299978  0.652640  0.623727
179  0.915945  0.454587  0.266686  0.586282  0.513889
74   0.717874  0.372418  0.276976  0.685103  0.582812
142  0.844051  0.421270  0.256989  0.638724  0.582118
148  0.679119  0.341389  0.219779  0.691689  0.641667
139  0.564025  0.284290  0.174075  0.642306  0.574074
212  0.832849  0.417050  0.244364  0.735973  0.658854




THE Y TEST DATA IS:
154    1
153    1
162    1
8      1
98     1
119    1
5      1
129    1
25     1
3      1
124    1
165    1
34     1
21     1
100    1
121    1
118    1
167    1
192    1
1      1
73     1
90     1
110    1
116    1
226    1
0      1
240    1
47     1
169    1
239    1
227    1
213    0
178    0
140    0
222    0
179    0
74     0
142    0
148    0
139    0
212    0
Name: BUILD_SUCCESS, dtype: int64
#Train points = 159, #pass = 123, #fail = 36
#Test points  = 41, #pass = 31, #fail = 10






 Y-value shapes:
(159,)
(41,)
(41,)
(159, 1)
(41, 1)
(41, 1)



 THE FAILED TESTS (>5%) ARE:
        %LUT      %FF      %DSP     %BRAM     %URAM  Predicted 0  Actual 0
73  0.682707  0.36028  0.291888  0.685103  0.582812            0         1
BITSTREAM COMPLETION model: badness_rating : 1
BITSTREAM COMPLETION model: number of tests : 41
BITSTREAM COMPLETION model: false positives = 0
BITSTREAM COMPLETION model: false negatives = 1
BITSTREAM COMPLETION model: true positives = 30
BITSTREAM COMPLETION model: true negatives = 10
--------------------------------------
num_estimators = 6


 Y-value shapes:
(159,)
(41,)
(41,)
(159, 1)
(41, 1)
(41, 1)



 THE FAILED TESTS (>5%) ARE:
        %LUT      %FF      %DSP     %BRAM     %URAM  Predicted 0  Actual 0
73  0.682707  0.36028  0.291888  0.685103  0.582812            0         1
BITSTREAM COMPLETION model: badness_rating : 1
BITSTREAM COMPLETION model: number of tests : 41
BITSTREAM COMPLETION model: false positives = 0
BITSTREAM COMPLETION model: false negatives = 1
BITSTREAM COMPLETION model: true positives = 30
BITSTREAM COMPLETION model: true negatives = 10
--------------------------------------
num_estimators = 7


 Y-value shapes:
(159,)
(41,)
(41,)
(159, 1)
(41, 1)
(41, 1)



 THE FAILED TESTS (>5%) ARE:
        %LUT      %FF      %DSP     %BRAM     %URAM  Predicted 0  Actual 0
73  0.682707  0.36028  0.291888  0.685103  0.582812            0         1
BITSTREAM COMPLETION model: badness_rating : 1
BITSTREAM COMPLETION model: number of tests : 41
BITSTREAM COMPLETION model: false positives = 0
BITSTREAM COMPLETION model: false negatives = 1
BITSTREAM COMPLETION model: true positives = 30
BITSTREAM COMPLETION model: true negatives = 10
--------------------------------------
num_estimators = 8


 Y-value shapes:
(159,)
(41,)
(41,)
(159, 1)
(41, 1)
(41, 1)



 THE FAILED TESTS (>5%) ARE:
        %LUT      %FF      %DSP     %BRAM     %URAM  Predicted 0  Actual 0
73  0.682707  0.36028  0.291888  0.685103  0.582812            0         1
BITSTREAM COMPLETION model: badness_rating : 1
BITSTREAM COMPLETION model: number of tests : 41
BITSTREAM COMPLETION model: false positives = 0
BITSTREAM COMPLETION model: false negatives = 1
BITSTREAM COMPLETION model: true positives = 30
BITSTREAM COMPLETION model: true negatives = 10
--------------------------------------
num_estimators = 9


 Y-value shapes:
(159,)
(41,)
(41,)
(159, 1)
(41, 1)
(41, 1)



 THE FAILED TESTS (>5%) ARE:
        %LUT      %FF      %DSP     %BRAM     %URAM  Predicted 0  Actual 0
73  0.682707  0.36028  0.291888  0.685103  0.582812            0         1
BITSTREAM COMPLETION model: badness_rating : 1
BITSTREAM COMPLETION model: number of tests : 41
BITSTREAM COMPLETION model: false positives = 0
BITSTREAM COMPLETION model: false negatives = 1
BITSTREAM COMPLETION model: true positives = 30
BITSTREAM COMPLETION model: true negatives = 10
--------------------------------------
num_estimators = 10


 Y-value shapes:
(159,)
(41,)
(41,)
(159, 1)
(41, 1)
(41, 1)



 THE FAILED TESTS (>5%) ARE:
        %LUT      %FF      %DSP     %BRAM     %URAM  Predicted 0  Actual 0
73  0.682707  0.36028  0.291888  0.685103  0.582812            0         1
BITSTREAM COMPLETION model: badness_rating : 1
BITSTREAM COMPLETION model: number of tests : 41
BITSTREAM COMPLETION model: false positives = 0
BITSTREAM COMPLETION model: false negatives = 1
BITSTREAM COMPLETION model: true positives = 30
BITSTREAM COMPLETION model: true negatives = 10
--------------------------------------
num_estimators = 11


 Y-value shapes:
(159,)
(41,)
(41,)
(159, 1)
(41, 1)
(41, 1)



 THE FAILED TESTS (>5%) ARE:
        %LUT      %FF      %DSP     %BRAM     %URAM  Predicted 0  Actual 0
73  0.682707  0.36028  0.291888  0.685103  0.582812            0         1
BITSTREAM COMPLETION model: badness_rating : 1
BITSTREAM COMPLETION model: number of tests : 41
BITSTREAM COMPLETION model: false positives = 0
BITSTREAM COMPLETION model: false negatives = 1
BITSTREAM COMPLETION model: true positives = 30
BITSTREAM COMPLETION model: true negatives = 10
--------------------------------------
num_estimators = 12


 Y-value shapes:
(159,)
(41,)
(41,)
(159, 1)
(41, 1)
(41, 1)



 THE FAILED TESTS (>5%) ARE:
        %LUT      %FF      %DSP     %BRAM     %URAM  Predicted 0  Actual 0
73  0.682707  0.36028  0.291888  0.685103  0.582812            0         1
BITSTREAM COMPLETION model: badness_rating : 1
BITSTREAM COMPLETION model: number of tests : 41
BITSTREAM COMPLETION model: false positives = 0
BITSTREAM COMPLETION model: false negatives = 1
BITSTREAM COMPLETION model: true positives = 30
BITSTREAM COMPLETION model: true negatives = 10
--------------------------------------
num_estimators = 13


 Y-value shapes:
(159,)
(41,)
(41,)
(159, 1)
(41, 1)
(41, 1)



 THE FAILED TESTS (>5%) ARE:
        %LUT      %FF      %DSP     %BRAM     %URAM  Predicted 0  Actual 0
73  0.682707  0.36028  0.291888  0.685103  0.582812            0         1
BITSTREAM COMPLETION model: badness_rating : 1
BITSTREAM COMPLETION model: number of tests : 41
BITSTREAM COMPLETION model: false positives = 0
BITSTREAM COMPLETION model: false negatives = 1
BITSTREAM COMPLETION model: true positives = 30
BITSTREAM COMPLETION model: true negatives = 10
--------------------------------------
num_estimators = 14


 Y-value shapes:
(159,)
(41,)
(41,)
(159, 1)
(41, 1)
(41, 1)



 THE FAILED TESTS (>5%) ARE:
        %LUT      %FF      %DSP     %BRAM     %URAM  Predicted 0  Actual 0
73  0.682707  0.36028  0.291888  0.685103  0.582812            0         1
BITSTREAM COMPLETION model: badness_rating : 1
BITSTREAM COMPLETION model: number of tests : 41
BITSTREAM COMPLETION model: false positives = 0
BITSTREAM COMPLETION model: false negatives = 1
BITSTREAM COMPLETION model: true positives = 30
BITSTREAM COMPLETION model: true negatives = 10
MINIMIZED at 5






 PREDICTING FREQUENCIES NOW
--------------------------------------
num_estimators = 5
THE X TEST DATA IS:
         %LUT       %FF      %DSP     %BRAM     %URAM
154  0.390337  0.203682  0.090869  0.263889  0.175000
153  0.390337  0.203682  0.090869  0.263889  0.175000
162  0.564263  0.289112  0.151152  0.371252  0.291667
8    0.487045  0.248205  0.117781  0.238453  0.170139
98   0.257943  0.135775  0.056959  0.372272  0.289352
119  0.751725  0.375829  0.211436  0.478119  0.408333
5    0.392392  0.203682  0.090869  0.263889  0.175000
129  0.282592  0.146871  0.071088  0.584215  0.522569
25   0.653867  0.328826  0.171740  0.352899  0.291667
3    0.336684  0.179900  0.094637  0.241705  0.166493
124  0.548332  0.277906  0.165598  0.528908  0.463021
165  0.654771  0.331909  0.181294  0.425099  0.350000
34   0.756874  0.375952  0.197442  0.388255  0.354167
21   0.511613  0.265727  0.162068  0.379271  0.258102
100  0.378917  0.196189  0.103549  0.370591  0.291667
121  0.271911  0.141871  0.065571  0.528908  0.463021
118  0.655565  0.331621  0.190729  0.477458  0.408333
167  0.654771  0.331909  0.181294  0.425099  0.350000
192  0.390557  0.202491  0.094098  0.354139  0.265741
1    0.299984  0.163365  0.091660  0.241650  0.166493
73   0.682707  0.360280  0.291888  0.685103  0.582812
90   0.217244  0.116637  0.042965  0.317488  0.231481
110  0.559861  0.285249  0.158577  0.424328  0.350000
116  0.461410  0.234177  0.133374  0.477183  0.408333
226  0.282702  0.150255  0.067186  0.231041  0.114236
0    0.276211  0.151625  0.081497  0.241650  0.166493
240  0.683611  0.347069  0.220666  0.428792  0.289583
47   0.588519  0.309113  0.228296  0.460896  0.449248
169  0.741920  0.374363  0.211436  0.477348  0.408333
239  0.683611  0.347069  0.220666  0.428792  0.289583
227  0.337478  0.177626  0.087600  0.255456  0.135417




THE Y TEST DATA IS:
154    208
153    208
162    209
8      220
98     205
119    205
5      220
129    211
25     209
3      209
124    211
165    213
34     207
21     193
100    205
121    200
118    207
167    210
192    196
1      207
73     185
90     218
110    205
116    220
226    225
0      198
240    220
47     199
169    205
239    223
227    225
Name: KERNEL_FREQ, dtype: int64


TRAINING DATA STATISTICS:
     #points = 123
     min     = 179
     max     = 225
     mean    = 208.0569105691057
     var     = 120.61148873783819


TESTING DATA STATISTICS:
     #points = 31
     min     = 185
     max     = 225
     mean    = 208.90322580645162
     var     = 89.82365591397848






 Y-value shapes:
(123,)
(31,)
(31,)
(123, 1)
(31, 1)
(31, 1)



 THE FAILED TESTS (>5%) ARE:
         %LUT       %FF      %DSP  ...  Predicted 0  Actual 0  Diff 0
21   0.511613  0.265727  0.162068  ...        205.1       193    12.1
121  0.271911  0.141871  0.065571  ...        210.6       200    10.6
192  0.390557  0.202491  0.094098  ...        210.0       196    14.0
0    0.276211  0.151625  0.081497  ...        217.4       198    19.4

[4 rows x 8 columns]
FREQUENCY model: Mean absolute Error: 6.347711213517665
FREQUENCY model: number of tests : 31
FREQUENCY model: MAX ABSOLUTE Error: 19.400000000000006
FREQUENCY model: MAX RELATIVE Error: 1.097979797979798
--------------------------------------
num_estimators = 6


 Y-value shapes:
(123,)
(31,)
(31,)
(123, 1)
(31, 1)
(31, 1)



 THE FAILED TESTS (>5%) ARE:
         %LUT       %FF      %DSP  ...  Predicted 0  Actual 0     Diff 0
21   0.511613  0.265727  0.162068  ...   204.250000       193  11.250000
121  0.271911  0.141871  0.065571  ...   211.500000       200  11.500000
192  0.390557  0.202491  0.094098  ...   208.166667       196  12.166667
0    0.276211  0.151625  0.081497  ...   216.000000       198  18.000000

[4 rows x 8 columns]
FREQUENCY model: Mean absolute Error: 6.213210445468508
FREQUENCY model: number of tests : 31
FREQUENCY model: MAX ABSOLUTE Error: 18.0
FREQUENCY model: MAX RELATIVE Error: 1.0909090909090908
--------------------------------------
num_estimators = 7


 Y-value shapes:
(123,)
(31,)
(31,)
(123, 1)
(31, 1)
(31, 1)



 THE FAILED TESTS (>5%) ARE:
         %LUT       %FF      %DSP  ...  Predicted 0  Actual 0     Diff 0
21   0.511613  0.265727  0.162068  ...   207.071429       193  14.071429
121  0.271911  0.141871  0.065571  ...   210.857143       200  10.857143
192  0.390557  0.202491  0.094098  ...   208.428571       196  12.428571
0    0.276211  0.151625  0.081497  ...   215.285714       198  17.285714

[4 rows x 8 columns]
FREQUENCY model: Mean absolute Error: 5.934562211981565
FREQUENCY model: number of tests : 31
FREQUENCY model: MAX ABSOLUTE Error: 17.285714285714278
FREQUENCY model: MAX RELATIVE Error: 1.0873015873015872
--------------------------------------
num_estimators = 8


 Y-value shapes:
(123,)
(31,)
(31,)
(123, 1)
(31, 1)
(31, 1)



 THE FAILED TESTS (>5%) ARE:
         %LUT       %FF      %DSP  ...  Predicted 0  Actual 0   Diff 0
21   0.511613  0.265727  0.162068  ...     209.0625       193  16.0625
121  0.271911  0.141871  0.065571  ...     211.5000       200  11.5000
192  0.390557  0.202491  0.094098  ...     208.6250       196  12.6250
0    0.276211  0.151625  0.081497  ...     214.7500       198  16.7500

[4 rows x 8 columns]
FREQUENCY model: Mean absolute Error: 5.893778801843318
FREQUENCY model: number of tests : 31
FREQUENCY model: MAX ABSOLUTE Error: 16.75
FREQUENCY model: MAX RELATIVE Error: 1.0845959595959596
--------------------------------------
num_estimators = 9


 Y-value shapes:
(123,)
(31,)
(31,)
(123, 1)
(31, 1)
(31, 1)



 THE FAILED TESTS (>5%) ARE:
         %LUT       %FF      %DSP  ...  Predicted 0  Actual 0     Diff 0
21   0.511613  0.265727  0.162068  ...   208.722222       193  15.722222
121  0.271911  0.141871  0.065571  ...   212.000000       200  12.000000
192  0.390557  0.202491  0.094098  ...   208.888889       196  12.888889
0    0.276211  0.151625  0.081497  ...   215.333333       198  17.333333

[4 rows x 8 columns]
FREQUENCY model: Mean absolute Error: 6.09904420549582
FREQUENCY model: number of tests : 31
FREQUENCY model: MAX ABSOLUTE Error: 17.333333333333343
FREQUENCY model: MAX RELATIVE Error: 1.0875420875420876
--------------------------------------
num_estimators = 10


 Y-value shapes:
(123,)
(31,)
(31,)
(123, 1)
(31, 1)
(31, 1)



 THE FAILED TESTS (>5%) ARE:
         %LUT       %FF      %DSP  ...  Predicted 0  Actual 0  Diff 0
21   0.511613  0.265727  0.162068  ...       210.05       193   17.05
121  0.271911  0.141871  0.065571  ...       211.30       200   11.30
192  0.390557  0.202491  0.094098  ...       208.50       196   12.50
0    0.276211  0.151625  0.081497  ...       215.20       198   17.20

[4 rows x 8 columns]
FREQUENCY model: Mean absolute Error: 6.145130568356376
FREQUENCY model: number of tests : 31
FREQUENCY model: MAX ABSOLUTE Error: 17.19999999999999
FREQUENCY model: MAX RELATIVE Error: 1.0883419689119171
--------------------------------------
num_estimators = 11


 Y-value shapes:
(123,)
(31,)
(31,)
(123, 1)
(31, 1)
(31, 1)



 THE FAILED TESTS (>5%) ARE:
         %LUT       %FF      %DSP  ...  Predicted 0  Actual 0     Diff 0
21   0.511613  0.265727  0.162068  ...   209.136364       193  16.136364
121  0.271911  0.141871  0.065571  ...   211.727273       200  11.727273
192  0.390557  0.202491  0.094098  ...   207.636364       196  11.636364
0    0.276211  0.151625  0.081497  ...   215.636364       198  17.636364

[4 rows x 8 columns]
FREQUENCY model: Mean absolute Error: 6.067127496159758
FREQUENCY model: number of tests : 31
FREQUENCY model: MAX ABSOLUTE Error: 17.636363636363626
FREQUENCY model: MAX RELATIVE Error: 1.0890725436179982
--------------------------------------
num_estimators = 12


 Y-value shapes:
(123,)
(31,)
(31,)
(123, 1)
(31, 1)
(31, 1)



 THE FAILED TESTS (>5%) ARE:
         %LUT       %FF      %DSP  ...  Predicted 0  Actual 0     Diff 0
21   0.511613  0.265727  0.162068  ...   208.375000       193  15.375000
121  0.271911  0.141871  0.065571  ...   212.083333       200  12.083333
192  0.390557  0.202491  0.094098  ...   207.416667       196  11.416667
0    0.276211  0.151625  0.081497  ...   215.250000       198  17.250000

[4 rows x 8 columns]
FREQUENCY model: Mean absolute Error: 6.150243215565801
FREQUENCY model: number of tests : 31
FREQUENCY model: MAX ABSOLUTE Error: 17.25
FREQUENCY model: MAX RELATIVE Error: 1.0871212121212122
--------------------------------------
num_estimators = 13


 Y-value shapes:
(123,)
(31,)
(31,)
(123, 1)
(31, 1)
(31, 1)



 THE FAILED TESTS (>5%) ARE:
         %LUT       %FF      %DSP  ...  Predicted 0  Actual 0     Diff 0
21   0.511613  0.265727  0.162068  ...   209.423077       193  16.423077
121  0.271911  0.141871  0.065571  ...   211.846154       200  11.846154
192  0.390557  0.202491  0.094098  ...   207.923077       196  11.923077
0    0.276211  0.151625  0.081497  ...   214.923077       198  16.923077

[4 rows x 8 columns]
FREQUENCY model: Mean absolute Error: 6.169620701878768
FREQUENCY model: number of tests : 31
FREQUENCY model: MAX ABSOLUTE Error: 16.923076923076934
FREQUENCY model: MAX RELATIVE Error: 1.0854700854700856
--------------------------------------
num_estimators = 14


 Y-value shapes:
(123,)
(31,)
(31,)
(123, 1)
(31, 1)
(31, 1)



 THE FAILED TESTS (>5%) ARE:
         %LUT       %FF      %DSP  ...  Predicted 0  Actual 0     Diff 0
21   0.511613  0.265727  0.162068  ...   207.250000       193  14.250000
121  0.271911  0.141871  0.065571  ...   211.642857       200  11.642857
192  0.390557  0.202491  0.094098  ...   207.285714       196  11.285714
0    0.276211  0.151625  0.081497  ...   215.285714       198  17.285714

[4 rows x 8 columns]
FREQUENCY model: Mean absolute Error: 6.170177748518763
FREQUENCY model: number of tests : 31
FREQUENCY model: MAX ABSOLUTE Error: 17.285714285714278
FREQUENCY model: MAX RELATIVE Error: 1.0873015873015872
--------------------------------------
num_estimators = 15


 Y-value shapes:
(123,)
(31,)
(31,)
(123, 1)
(31, 1)
(31, 1)



 THE FAILED TESTS (>5%) ARE:
         %LUT       %FF      %DSP  ...  Predicted 0  Actual 0     Diff 0
21   0.511613  0.265727  0.162068  ...   208.233333       193  15.233333
121  0.271911  0.141871  0.065571  ...   211.466667       200  11.466667
192  0.390557  0.202491  0.094098  ...   207.466667       196  11.466667
0    0.276211  0.151625  0.081497  ...   215.933333       198  17.933333

[4 rows x 8 columns]
FREQUENCY model: Mean absolute Error: 6.121556579621097
FREQUENCY model: number of tests : 31
FREQUENCY model: MAX ABSOLUTE Error: 17.933333333333337
FREQUENCY model: MAX RELATIVE Error: 1.0905723905723905
--------------------------------------
num_estimators = 16


 Y-value shapes:
(123,)
(31,)
(31,)
(123, 1)
(31, 1)
(31, 1)



 THE FAILED TESTS (>5%) ARE:
         %LUT       %FF      %DSP  ...  Predicted 0  Actual 0    Diff 0
21   0.511613  0.265727  0.162068  ...    207.71875       193  14.71875
121  0.271911  0.141871  0.065571  ...    211.18750       200  11.18750
192  0.390557  0.202491  0.094098  ...    207.62500       196  11.62500
0    0.276211  0.151625  0.081497  ...    216.18750       198  18.18750

[4 rows x 8 columns]
FREQUENCY model: Mean absolute Error: 6.2175150118698514
FREQUENCY model: number of tests : 31
FREQUENCY model: MAX ABSOLUTE Error: 18.1875
FREQUENCY model: MAX RELATIVE Error: 1.0918560606060606
--------------------------------------
num_estimators = 17


 Y-value shapes:
(123,)
(31,)
(31,)
(123, 1)
(31, 1)
(31, 1)



 THE FAILED TESTS (>5%) ARE:
         %LUT       %FF      %DSP  ...  Predicted 0  Actual 0     Diff 0
21   0.511613  0.265727  0.162068  ...   208.558824       193  15.558824
121  0.271911  0.141871  0.065571  ...   211.470588       200  11.470588
192  0.390557  0.202491  0.094098  ...   207.470588       196  11.470588
0    0.276211  0.151625  0.081497  ...   215.294118       198  17.294118

[4 rows x 8 columns]
FREQUENCY model: Mean absolute Error: 6.087072952348091
FREQUENCY model: number of tests : 31
FREQUENCY model: MAX ABSOLUTE Error: 17.294117647058812
FREQUENCY model: MAX RELATIVE Error: 1.087344028520499
--------------------------------------
num_estimators = 18


 Y-value shapes:
(123,)
(31,)
(31,)
(123, 1)
(31, 1)
(31, 1)



 THE FAILED TESTS (>5%) ARE:
         %LUT       %FF      %DSP  ...  Predicted 0  Actual 0     Diff 0
21   0.511613  0.265727  0.162068  ...   206.916667       193  13.916667
121  0.271911  0.141871  0.065571  ...   211.722222       200  11.722222
192  0.390557  0.202491  0.094098  ...   207.000000       196  11.000000
0    0.276211  0.151625  0.081497  ...   214.944444       198  16.944444

[4 rows x 8 columns]
FREQUENCY model: Mean absolute Error: 5.936775590001396
FREQUENCY model: number of tests : 31
FREQUENCY model: MAX ABSOLUTE Error: 17.333333333333343
FREQUENCY model: MAX RELATIVE Error: 1.085578002244669
--------------------------------------
num_estimators = 19


 Y-value shapes:
(123,)
(31,)
(31,)
(123, 1)
(31, 1)
(31, 1)



 THE FAILED TESTS (>5%) ARE:
         %LUT       %FF      %DSP  ...  Predicted 0  Actual 0     Diff 0
21   0.511613  0.265727  0.162068  ...   207.868421       193  14.868421
121  0.271911  0.141871  0.065571  ...   211.526316       200  11.526316
192  0.390557  0.202491  0.094098  ...   207.368421       196  11.368421
0    0.276211  0.151625  0.081497  ...   214.736842       198  16.736842

[4 rows x 8 columns]
FREQUENCY model: Mean absolute Error: 6.104012964963727
FREQUENCY model: number of tests : 31
FREQUENCY model: MAX ABSOLUTE Error: 18.0
FREQUENCY model: MAX RELATIVE Error: 1.0845295055821371
MINIMIZED at 8
